number,issue_date,department,applies_to,meant_for,subject,path
RBI/2026-2027/228,2026-08-06,DOR,Rural Co-operative Banks,,"Reserve Bank of India (Rural Co-operative Banks - Responsible Business Conduct) Fourth Amendment Directions, 2026",
RBI/2026-2027/231,2026-08-06,DOR,Housing Finance Companies,,"Reserve Bank of India (Housing Finance Companies) Third Amendment Directions, 2026",
RBI/2026-2027/226,2026-08-06,DOR,Regional Rural Banks,,"Reserve Bank of India (Regional Rural Banks - Responsible Business Conduct) Fourth Amendment Directions, 2026",
RBI/2026-2027/224,2026-08-06,DOR,Small Finance Banks,,"Reserve Bank of India (Small Finance Banks - Responsible Business Conduct) Fourth Amendment Directions, 2026",
RBI/2026-27/230,2026-08-06,DOR,Non-Banking Financial Companies,,"Reserve Bank of India (Non-Banking Financial Companies - Responsible Business Conduct) Third Amendment Directions, 2026",
RBI/2026-27/229,2026-08-06,DOR,All India Financial Institutions,,"Reserve Bank of India (All India Financial Institutions - Responsible Business Conduct) Third Amendment Directions, 2026",
RBI/2026-27/227,2026-08-06,DOR,Urban Co-operative Banks,,"Reserve Bank of India (Urban Co-operative Banks - Responsible Business Conduct) Fourth Amendment Directions, 2026",
RBI/2026-27/225,2026-08-06,DOR,Local Area Banks,,"Reserve Bank of India (Local Area Banks - Responsible Business Conduct) Fourth Amendment Directions, 2026",
RBI/2026-27/223,2026-08-06,DOR,Commercial Banks,,"Reserve Bank of India (Commercial Banks - Responsible Business Conduct) Fourth Amendment Directions, 2026",
RBI/DoS/2026-27/221,2026-07-31,DOS,,,Consolidation of Supervisory Instructions – Repeal of Circulars,
RBI/2026-27/222,2026-07-31,DOR,Small Finance Banks; Payments Banks; Local Area Banks; Regional Rural Banks; Urban Co-operative Banks; Rural Co-operative Banks; Commercial Banks; Non-Banking Financial Companies; Asset Reconstruction Companies; All India Financial Institutions,"The Chairpersons/ CEOs of the Commercial Banks, Small Finance Banks, Payment Banks, Urban Co-operative Banks, Rural Co-operative Banks, Regional Rural Banks, Local Area Banks, Non-Banking Financial Companies, Asset Reconstruction Companies, All India Financial Institutions","Implementation of Section 51A of UAPA, 1967: Updates to UNSC’s 1988 (2011) Taliban Sanctions List: Amendment of 05 Entries:",
RBI/2026-27/220,2026-07-31,DCM,All Banks,The Chairman/ Managing Director/ Chief Executive Officer All Banks,"Fake Indian Currency Notes (FICNs)-Detection, Reporting and Monitoring",
RBI/DoS/2026-27/408,2026-07-31,DOS,Commercial Banks,,"Reserve Bank of India (Commercial Banks - Compliance Function) Directions, 2026",
RBI/DoS/2026-27/409,2026-07-31,DOS,Commercial Banks,,"Reserve Bank of India (Commercial Banks – Concurrent Audit) Directions, 2026",
RBI/DoS/2026-27/410,2026-07-31,DOS,Commercial Banks,,"Reserve Bank of India (Commercial Banks – Cybersecurity, Technology: Risk, Resilience and Assurance Framework) Directions, 2026",
RBI/DoS/2026-27/411,2026-07-31,DOS,Commercial Banks,,"Reserve Bank of India (Commercial Banks – Digital Payment Security Controls) Directions, 2026",
RBI/DoS/2026-27/412,2026-07-31,DOS,Commercial Banks,,"Reserve Bank of India (Commercial Banks – Fraud Risk Management) Directions, 2026",
RBI/DoS/2026-27/413,2026-07-31,DOS,Commercial Banks,,"Reserve Bank of India (Commercial Banks - Internal Audit Function) Directions, 2026",
RBI/DoS/2026-27/414,2026-07-31,DOS,Commercial Banks,,"Reserve Bank of India (Commercial Banks – Statutory Audit) Directions, 2026",
RBI/DoS/2026-27/415,2026-07-31,DOS,Commercial Banks,,"Reserve Bank of India (Commercial Banks – Supervisory Returns) Directions, 2026",
RBI/DoS/2026-27/416,2026-07-31,DOS,Commercial Banks,,"Reserve Bank of India (Commercial Banks – Miscellaneous) Supervisory Directions, 2026",
RBI/DoS/2026-27/417,2026-07-31,DOS,Small Finance Banks,,"Reserve Bank of India (Small Finance Banks - Compliance Function) Directions, 2026",
RBI/DoS/2026-27/419,2026-07-31,DOS,Small Finance Banks,,"Reserve Bank of India (Small Finance Banks - Cybersecurity, Technology: Risk, Resilience and Assurance Framework) Directions, 2026",
RBI/DoS/2026-27/418,2026-07-31,DOS,Small Finance Banks,,"Reserve Bank of India (Small Finance Banks – Concurrent Audit) Directions, 2026",
RBI/DoS/2026-27/420,2026-07-31,DOS,Small Finance Banks,,"Reserve Bank of India (Small Finance Banks – Digital Payment Security Controls) Directions, 2026",
RBI/DoS/2026-27/421,2026-07-31,DOS,Small Finance Banks,,"Reserve Bank of India (Small Finance Banks – Fraud Risk Management) Directions, 2026",
RBI/DoS/2026-27/422,2026-07-31,DOS,Small Finance Banks,,"Reserve Bank of India (Small Finance Banks - Internal Audit Function) Directions, 2026",
RBI/DoS/2026-27/423,2026-07-31,DOS,Small Finance Banks,,"Reserve Bank of India (Small Finance Banks – Statutory Audit) Directions, 2026",
RBI/DoS/2026-27/424,2026-07-31,DOS,Small Finance Banks,,"Reserve Bank of India (Small Finance Banks - Supervisory Returns) Directions, 2026",
RBI/DoS/2026-27/425,2026-07-31,DOS,Small Finance Banks,,"Reserve Bank of India (Small Finance Banks – Miscellaneous) Supervisory Directions, 2026",
RBI/DoS/2026-27/426,2026-07-31,DOS,Payments Banks,,"Reserve Bank of India (Payments Banks - Compliance Function) Directions, 2026",
RBI/DoS/2026-27/427,2026-07-31,DOS,Payments Banks,,"Reserve Bank of India (Payments Banks – Concurrent Audit) Directions, 2026",
RBI/DoS/2026-27/428,2026-07-31,DOS,Payments Banks,,"Reserve Bank of India (Payments Banks - Cybersecurity, Technology: Risk, Resilience and Assurance Framework) Directions, 2026",
RBI/DoS/2026-27/429,2026-07-31,DOS,Payments Banks,,"Reserve Bank of India (Payments Banks – Digital Payment Security Controls) Directions, 2026",
RBI/DoS/2026-27/431,2026-07-31,DOS,Payments Banks,,"Reserve Bank of India (Payments Banks - Internal Audit Function) Directions, 2026",
RBI/DoS/2026-27/430,2026-07-31,DOS,Payments Banks,,"Reserve Bank of India (Payments Banks – Fraud Risk Management) Directions, 2026",
RBI/DoS/2026-27/432,2026-07-31,DOS,Payments Banks,,"Reserve Bank of India (Payments Banks – Statutory Audit) Directions, 2026",
RBI/DoS/2026-27/433,2026-07-31,DOS,Payments Banks,,"Reserve Bank of India (Payments Banks - Supervisory Returns) Directions, 2026",
RBI/DoS/2026-27/434,2026-07-31,DOS,Payments Banks,,"Reserve Bank of India (Payments Banks – Miscellaneous) Supervisory Directions, 2026",
RBI/DoS/2026-27/435,2026-07-31,DOS,Urban Co-operative Banks,,"Reserve Bank of India (Urban Co-operative Banks - Compliance Function) Directions, 2026",
RBI/DoS/2026-27/436,2026-07-31,DOS,Urban Co-operative Banks,,"Reserve Bank of India (Urban Co-operative Banks – Concurrent Audit) Directions, 2026",
RBI/DoS/2026-27/437,2026-07-31,DOS,Urban Co-operative Banks,,"Reserve Bank of India (Urban Co-operative Banks – Cybersecurity, Technology: Risk, Resilience and Assurance Framework) Directions, 2026",
RBI/DoS/2026-27/438,2026-07-31,DOS,Urban Co-operative Banks,,"Reserve Bank of India (Urban Co-operative Banks – Digital Payment Security Controls) Directions, 2026",
RBI/DoS/2026-27/439,2026-07-31,DOS,Urban Co-operative Banks,,"Reserve Bank of India (Urban Co-operative Banks – Fraud Risk Management) Directions, 2026",
RBI/DoS/2026-27/441,2026-07-31,DOS,Urban Co-operative Banks,,"Reserve Bank of India (Urban Co-operative Banks - Statutory Audit) Directions, 2026",
RBI/DoS/2026-27/440,2026-07-31,DOS,Urban Co-operative Banks,,"Reserve Bank of India (Urban Co-operative Banks - Internal Audit Function) Directions, 2026",
RBI/DoS/2026-27/442,2026-07-31,DOS,Urban Co-operative Banks,,"Reserve Bank of India (Urban Co-operative Banks - Supervisory Returns) Directions, 2026",
RBI/DoS/2026-27/444,2026-07-31,DOS,Local Area Banks,,"Reserve Bank of India (Local Area Banks - Compliance Function) Directions, 2026",
RBI/DoS/2026-27/445,2026-07-31,DOS,Local Area Banks,,"Reserve Bank of India (Local Area Banks – Concurrent Audit) Directions, 2026",
RBI/DoS/2026-27/443,2026-07-31,DOS,,,"In exercise of the powers conferred by Section 35-A read with Section 56 of the Banking Regulation Act, 1949, and all other provisions / laws enabling the Reserve Bank of India (‘RBI’) in this regard, RBI being satisfied that it is necessary and expedient in the public interest so to do, hereby, issues Directions hereinafter specified.",
RBI/DoS/2026-27/446,2026-07-31,DOS,Local Area Banks,,"Reserve Bank of India (Local Area Banks – Fraud Risk Management) Directions, 2026",
RBI/DoS/2026-27/447,2026-07-31,DOS,Local Area Banks,,"Reserve Bank of India (Local Area Banks - Internal Audit Function) Directions, 2026",
RBI/DoS/2026-27/448,2026-07-31,DOS,Local Area Banks,,"Reserve Bank of India (Local Area Banks – Statutory Audit) Directions, 2026",
RBI/DoS/2026-27/449,2026-07-31,DOS,Local Area Banks,,"Reserve Bank of India (Local Area Banks - Supervisory Returns) Directions, 2026",
RBI/DoS/2026-27/450,2026-07-31,DOS,Local Area Banks,,"Reserve Bank of India (Local Area Banks – Miscellaneous) Supervisory Directions, 2026",
RBI/DoS/2026-27/451,2026-07-31,DOS,Rural Co-operative Banks,,"Reserve Bank of India (Rural Co-operative Banks – Fraud Risk Management) Directions, 2026",
RBI/DoS/2026-27/454,2026-07-31,DOS,Regional Rural Banks,,"Reserve Bank of India (Regional Rural Banks – Fraud Risk Management) Directions, 2026",
RBI/DoS/2026-27/452,2026-07-31,DOS,Rural Co-operative Banks,,"Reserve Bank of India (Rural Co-operative Banks - Statutory Audit) Directions, 2026",
RBI/DoS/2026-27/453,2026-07-31,DOS,Rural Co-operative Banks,,"Reserve Bank of India (Rural Co-operative Banks - Miscellaneous) Supervisory Directions, 2026",
RBI/DoS/2026-27/455,2026-07-31,DOS,Regional Rural Banks,,"Reserve Bank of India (Regional Rural Banks - Miscellaneous) Supervisory Directions, 2026",
RBI/DoS/2026-27/456,2026-07-31,DOS,All India Financial Institutions,,"Reserve Bank of India (All India Financial Institutions – Cybersecurity, Technology: Risk, Resilience and Assurance Framework) Directions, 2026",
RBI/DoS/2026-27/457,2026-07-31,DOS,All India Financial Institutions,,"Reserve Bank of India (All India Financial Institutions – Fraud Risk Management) Directions, 2026",
RBI/DoS/2026-27/458,2026-07-31,DOS,All India Financial Institutions,,"Reserve Bank of India (All India Financial Institutions - Supervisory Returns) Directions, 2026",
RBI/DoS/2026-27/459,2026-07-31,DOS,All India Financial Institutions,,"Reserve Bank of India (All India Financial Institutions - Miscellaneous) Supervisory Directions, 2026",
RBI/DoS/2026-27/460,2026-07-31,DOS,Non-Banking Financial Companies,,"Reserve Bank of India (Non-Banking Financial Companies - Compliance Function) Directions, 2026",
RBI/DoS/2026-27/461,2026-07-31,DOS,Non-Banking Financial Companies,,"Reserve Bank of India (Non-Banking Financial Companies – Cybersecurity, Technology: Risk, Resilience and Assurance Framework) Directions, 2026",
RBI/DoS/2026-27/463,2026-07-31,DOS,Non-Banking Financial Companies,,"Reserve Bank of India (Non-Banking Financial Companies – Fraud Risk Management) Directions, 2026",
RBI/DoS/2026-27/462,2026-07-31,DOS,Non-Banking Financial Companies,,"Reserve Bank of India (Non-Banking Financial Companies – Digital Payment Security Controls) Directions, 2026",
RBI/DoS/2026-27/465,2026-07-31,DOS,Non-Banking Financial Companies,,"Reserve Bank of India (Non-Banking Financial Companies - Statutory Audit) Directions, 2026",
RBI/DoS/2026-27/466,2026-07-31,DOS,Non-Banking Financial Companies,,"Reserve Bank of India (Non-Banking Financial Companies - Supervisory Returns) Directions, 2026",
RBI/DoS/2026-27/467,2026-07-31,DOS,Non-Banking Financial Companies,,"Reserve Bank of India (Non-Banking Financial Companies – Miscellaneous) Supervisory Directions, 2026",
RBI/DoS/2026-27/464,2026-07-31,DOS,Non-Banking Financial Companies,,"Reserve Bank of India (Non-Banking Financial Companies - Internal Audit Function) Directions, 2026",
RBI/DoS/2026-27/468,2026-07-31,DOS,Non-Banking Financial Companies,,"Reserve Bank of India (Non-Banking Financial Companies - Auditor’s Report) Directions, 2026",
RBI/DoS/2026-27/469,2026-07-31,DOS,Asset Reconstruction Companies,,"Reserve Bank of India (Asset Reconstruction Companies - Supervisory Returns) Directions, 2026",
RBI/DoS/2026-27/471,2026-07-31,DOS,Credit Information Companies,,"Reserve Bank of India (Credit Information Companies - Miscellaneous) Supervisory Directions, 2026",
RBI/DoS/2026-27/470,2026-07-31,DOS,Credit Information Companies,,"Reserve Bank of India (Credit Information Companies – Cybersecurity, Technology: Risk, Resilience and Assurance Framework) Directions, 2026",
RBI/2026-27/218,2026-07-30,DOR,Local Area Banks,,"Reserve Bank of India (Local Area Banks – Interest Rate on Deposits) Second Amendment Directions, 2026",
RBI/2026-27/219,2026-07-30,DOR,Urban Co-operative Banks,,"Reserve Bank of India (Urban Co-operative Banks – Interest Rate on Deposits) Second Amendment Directions, 2026",
RBI/2026-27/217,2026-07-30,DOR,Payments Banks,,"Reserve Bank of India (Payments Banks – Interest Rate on Deposits) Amendment Directions, 2026",
RBI/2026-27/216,2026-07-30,DOR,Regional Rural Banks,,"Reserve Bank of India (Regional Rural Banks – Interest Rate on Deposits) Second Amendment Directions, 2026",
RBI/2026-27/215,2026-07-30,DOR,Small Finance Banks,,"Reserve Bank of India (Small Finance Banks – Interest Rate on Deposits) Second Amendment Directions, 2026",
RBI/2026-27/214,2026-07-30,DOR,Commercial Banks,,"Reserve Bank of India (Commercial Banks – Interest Rate on Deposits) Second Amendment Directions, 2026",
RBI/DOR/2026-27/213,2026-07-30,DOR,Small Finance Banks,,"Reserve Bank of India (Small Finance Banks – Financial Statements: Presentation and Disclosures) Fourth Amendment Directions, 2026",
RBI/DOR/2026-27/212,2026-07-30,DOR,Small Finance Banks,,"Reserve Bank of India (Small Finance Banks – Governance) Third Amendment Directions, 2026",
RBI/DOR/2026-27/211,2026-07-30,DOR,Small Finance Banks,,"Reserve Bank of India (Small Finance Banks – Asset Liability Management) Amendment Directions, 2026",
RBI/2026-27/210,2026-07-30,DOR,Small Finance Banks,,"Reserve Bank of India (Small Finance Banks – Prudential Norms on Capital Adequacy) Fifth Amendment Directions, 2026",
RBI/DOR/2026-27/208,2026-07-30,DOR,Payments Banks,,"Reserve Bank of India (Payments Banks – Governance) Third Amendment Directions, 2026",
RBI/DOR/2026-27/209,2026-07-30,DOR,Payments Banks,,"Reserve Bank of India (Payments Banks – Financial Statements: Presentation and Disclosures) Second Amendment Directions, 2026",
RBI/DOR/2026-27/206,2026-07-30,DOR,Commercial Banks,,"Reserve Bank of India (Commercial Banks – Governance) Third Amendment Directions, 2026",
RBI/DOR/2026-27/205,2026-07-30,DOR,Commercial Banks,,"Reserve Bank of India (Commercial Banks – Asset Liability Management) Second Amendment Directions, 2026",
RBI/2026-27/204,2026-07-30,DOR,Commercial Banks,,"Reserve Bank of India (Commercial Banks – Prudential Norms on Capital Adequacy) Seventh Amendment Directions, 2026",
RBI/DOR/2026-27/207,2026-07-30,DOR,Commercial Banks,,"Reserve Bank of India (Commercial Banks – Financial Statements: Presentation and Disclosures) Eighth Amendment Directions, 2026",
RBI/2026-27/203,2026-07-17,AP-DIR,Authorised Dealers (Category-I),"To, All Authorised Dealer Category-I banks",Special Rupee Vostro Accounts (SRVAs),
RBI/2026-27/202,2026-07-16,DOR,Local Area Banks,,"Reserve Bank of India (Local Area Banks – Income Recognition, Asset Classification and Provisioning) Second Amendment Directions, 2026",
RBI/2026-27/201,2026-07-16,DOR,Regional Rural Banks,,"Reserve Bank of India (Regional Rural Banks – Income Recognition, Asset Classification and Provisioning) Second Amendment Directions, 2026",
RBI/2026-27/200,2026-07-16,DOR,Rural Co-operative Banks,,"Reserve Bank of India (Rural Co-operative Banks – Income Recognition, Asset Classification and Provisioning) Third Amendment Directions, 2026",
RBI/2026-27/198,2026-07-16,DOR,All India Financial Institutions,,"Reserve Bank of India (All India Financial Institutions – Income Recognition, Asset Classification and Provisioning) Second Amendment Directions, 2026",
RBI/2026-27/199,2026-07-16,DOR,Urban Co-operative Banks,,"Reserve Bank of India (Urban Cooperative Banks – Income Recognition, Asset Classification and Provisioning) Second Amendment Directions, 2026",
RBI/2026-27/197,2026-07-16,DOR,Non-Banking Financial Companies,,"Reserve Bank of India (Non-Banking Financial Companies Income Recognition, Asset Classification and Provisioning) Third Amendment Directions, 2026",
RBI/2026-27/196,2026-07-16,DOR,Small Finance Banks,,"Reserve Bank of India (Small Finance Banks – Income Recognition, Asset Classification and Provisioning) Second Amendment Directions, 2026",
RBI/2026-27/195,2026-07-16,DOR,Commercial Banks,,"Reserve Bank of India (Commercial Banks – Income Recognition, Asset Classification and Provisioning) Second Amendment Directions, 2026",
RBI/2026-27/194,2026-07-16,DOR,Local Area Banks,,"Reserve Bank of India (Local Area Banks – Resolution of Stressed Assets) Second Amendment Directions, 2026",
RBI/2026-27/193,2026-07-16,DOR,Regional Rural Banks,,"Reserve Bank of India (Regional Rural Banks – Resolution of Stressed Assets) Second Amendment Directions, 2026",
RBI/2026-27/192,2026-07-16,DOR,Rural Co-operative Banks,,"Reserve Bank of India (Rural Co-operative Banks – Resolution of Stressed Assets) Second Amendment Directions, 2026",
RBI/2026-27/191,2026-07-16,DOR,Urban Co-operative Banks,,"Reserve Bank of India (Urban Co-operative Banks – Resolution of Stressed Assets) Third Amendment Directions, 2026",
RBI/2026-27/190,2026-07-16,DOR,All India Financial Institutions,,"Reserve Bank of India (All India Financial Institutions – Resolution of Stressed Assets) Second Amendment Directions, 2026",
RBI/2026-27/189,2026-07-16,DOR,Non-Banking Financial Companies,,"Reserve Bank of India (Non-Banking Financial Companies – Resolution of Stressed Assets) Second Amendment Directions, 2026",
RBI/2026-27/188,2026-07-16,DOR,Small Finance Banks,,"Reserve Bank of India (Small Finance Banks – Resolution of Stressed Assets) Second Amendment Directions, 2026",
RBI/2026-27/187,2026-07-16,DOR,Commercial Banks,,"Reserve Bank of India (Commercial Banks – Resolution of Stressed Assets) Third Amendment Directions, 2026",
RBI/2026-27/186,2026-07-15,DOR,Small Finance Banks; Payments Banks; Local Area Banks; Regional Rural Banks; Urban Co-operative Banks; Rural Co-operative Banks; Commercial Banks; Non-Banking Financial Companies; Asset Reconstruction Companies; All India Financial Institutions,"The Chairpersons/ CEOs of the Commercial Banks, Small Finance Banks, Payment Banks, Urban Co-operative Banks, Rural Co-operative Banks, Regional Rural Banks, Local Area Banks, Non-Banking Financial Companies, Asset Reconstruction Companies, All India Financial Institutions","Designation of 23 individuals under clause (a) of sub-section (1) and sub-section (2) of section 35 of the Unlawful Activities (Prevention) Act, 1967 and listed in the Fourth Schedule of the Act",
RBI/2026-27/185,2026-07-15,DOR,Urban Co-operative Banks,,"Reserve Bank of India (Urban Cooperative Banks – Credit Facilities) Second Amendment Directions, 2026",
RBI/2026-27/184,2026-07-15,DOR,All India Financial Institutions,,"Reserve Bank of India (All India Financial Institutions – Credit Facilities) Second Amendment Directions, 2026",
RBI/2026-27/183,2026-07-15,DOR,Non-Banking Financial Companies,,"Reserve Bank of India (Non-Banking Financial Companies – Credit Facilities) Second Amendment Directions, 2026",
RBI/2026-27/182,2026-07-15,DOR,Small Finance Banks,,"Reserve Bank of India (Small Finance Banks – Credit Facilities) Fourth Amendment Directions, 2026",
RBI/2026-27/181,2026-07-15,DOR,Commercial Banks,,"Reserve Bank of India (Commercial Banks – Credit Facilities) Fifth Amendment Directions, 2026",
RBI/2026-27/180,2026-07-14,DOR,Local Area Banks,,"Reserve Bank of India (Local Area Banks – Governance) Amendment Directions, 2026",
RBI/2026-27/179,2026-07-14,DOR,Payments Banks,,"Reserve Bank of India (Payments Banks – Governance) Amendment Directions, 2026",
RBI/2026-27/178,2026-07-14,DOR,Small Finance Banks,,"Reserve Bank of India (Small Finance Banks – Governance) Amendment Directions, 2026",
RBI/2026-27/177,2026-07-14,DOR,Commercial Banks,,"Reserve Bank of India (Commercial Banks – Governance) Amendment Directions, 2026",
RBI/2026-27/176,2026-07-09,DOR,Small Finance Banks; Payments Banks; Local Area Banks; Regional Rural Banks; Urban Co-operative Banks; Rural Co-operative Banks; Commercial Banks; Non-Banking Financial Companies; Asset Reconstruction Companies; All India Financial Institutions,"The Chairpersons/ CEOs of the Commercial Banks, Small Finance Banks, Payment Banks, Urban Co-operative Banks, Rural Co-operative Banks, Regional Rural Banks, Local Area Banks, Non-Banking Financial Companies, Asset Reconstruction Companies, All India Financial Institutions","Implementation of Section 51A of UAPA, 1967: Updates to UNSC’s 1267/ 1989 ISIL (Da'esh) & Al-Qaida Sanctions List: Amendment of 1 Entry",
RBI/FMRD/2026-27/407,2026-06-25,FMRD,,To All participants in credit derivatives markets,"Master Direction – Reserve Bank of India (Credit Derivatives) Directions, 2026",
RBI/2026-27/175,2026-06-24,AP-DIR,Authorised Persons,All Authorised Persons,"Review of Circulars issued under Foreign Exchange Management Act, 1999 (FEMA)",
RBI/2026-27/174,2026-06-24,AP-DIR,Authorised Persons,To All Authorised Persons,"Modification of Returns / Reporting requirements under FEMA, 1999",
RBI/2026-27/173,2026-06-24,DOR,Rural Co-operative Banks,,"Reserve Bank of India (Rural Co-operative Banks - Responsible Business Conduct) Third Amendment Directions, 2026",
RBI/2026-27/172,2026-06-24,DOR,Urban Co-operative Banks,,"Reserve Bank of India (Urban Co-operative Banks - Responsible Business Conduct) Third Amendment Directions, 2026",
RBI/2026-27/171,2026-06-24,DOR,Regional Rural Banks,,"Reserve Bank of India (Regional Rural Banks - Responsible Business Conduct) Third Amendment Directions, 2026",
RBI/2026-27/170,2026-06-24,DOR,Local Area Banks,,"Reserve Bank of India (Local Area Banks - Responsible Business Conduct) Third Amendment Directions, 2026",
RBI/2026-27/169,2026-06-24,DOR,Payments Banks,,"Reserve Bank of India (Payments Banks - Responsible Business Conduct) Second Amendment Directions, 2026",
RBI/2026-27/168,2026-06-24,DOR,Small Finance Banks,,"Reserve Bank of India (Small Finance Banks - Responsible Business Conduct) Third Amendment Directions, 2026",
RBI/2026-27/167,2026-06-24,DOR,Commercial Banks,,"Reserve Bank of India (Commercial Banks - Responsible Business Conduct) Third Amendment Directions, 2026",
RBI/2026-27/166,2026-06-24,DOR,Non-Banking Financial Companies,,"Reserve Bank of India (Non-Banking Financial Companies – Financial Statements: Presentation and Disclosures) Second Amendment Directions, 2026",
RBI/2026-27/164,2026-06-24,DOR,Non-Banking Financial Companies,,"Reserve Bank of India (Non-Banking Financial Companies – Concentration Risk Management) Third Amendment Directions, 2026",
RBI/2026-27/165,2026-06-24,DOR,Non-Banking Financial Companies,,"Reserve Bank of India (Non-Banking Financial Companies – Governance) Amendment Directions, 2026",
RBI/2026-27/163,2026-06-24,DOR,Non-Banking Financial Companies,,"Reserve Bank of India (Non-Banking Financial Companies – Registration, Exemptions and Framework for Scale Based Regulation) Second Amendment Directions, 2026",
RBI/2026-27/161,2026-06-24,DOR,All India Financial Institutions,,"Reserve Bank of India (All India Financial Institutions (AIFIs) – Prudential Norms on Capital Adequacy) Fourth Amendment Directions, 2026",
RBI/2026-27/162,2026-06-24,DOR,Standalone Primary Dealers; Primary Dealers,,"Reserve Bank of India (Standalone Primary Dealers) Second Amendment Directions, 2026",
RBI/2026-27/160,2026-06-24,DOR,Rural Co-operative Banks,,"Reserve Bank of India (Rural Co-operative Banks - Prudential Norms on Capital Adequacy) Amendment Directions, 2026",
RBI/2026-27/159,2026-06-24,DOR,Urban Co-operative Banks,,"Reserve Bank of India (Urban Co-operative Banks - Prudential Norms on Capital Adequacy) Third Amendment Directions, 2026",
RBI/2026-27/158,2026-06-24,DOR,Regional Rural Banks,,"Reserve Bank of India (Regional Rural Banks - Prudential Norms on Capital Adequacy) Third Amendment Directions, 2026",
RBI/2026-27/156,2026-06-24,DOR,Small Finance Banks,,"Reserve Bank of India (Small Finance Banks - Prudential Norms on Capital Adequacy) Seventh Amendment Directions, 2026",
RBI/2026-27/157,2026-06-24,DOR,Local Area Banks,,"Reserve Bank of India (Local Area Banks - Prudential Norms on Capital Adequacy) Amendment Directions, 2026",
RBI/2026-27/155,2026-06-24,DOR,Commercial Banks,,"Reserve Bank of India (Commercial Banks - Prudential Norms on Capital Adequacy) Tenth Amendment Directions, 2026",
RBI/2026-27/154,2026-06-24,DGBA,Agency Banks,,"Reserve Bank of India [Disbursement of Government Pension by Agency Banks (ABs)] First Amendment Directions, 2026",
RBI/2026-27/151,2026-06-23,DOR,Small Finance Banks,,"Reserve Bank of India (Small Finance Banks – Credit Facilities) Third Amendment Directions, 2026",
RBI/2026-27/152,2026-06-23,DOR,Commercial Banks,,"Reserve Bank of India (Commercial Banks – Credit Facilities) Fourth Amendment Directions, 2026",
RBI/2026-27/153,2026-06-23,AP-DIR,Authorised Dealers (Category-I),"To, All Authorised Dealer Category-I Banks",Open positions of Authorised Dealer Category-I banks,
RBI/DPSS/2026-27/406,2026-06-23,DPSS,,,The Trade Receivables Discounting System Platform Operators and Participants,
RBI/FIDD/2026-27/405,2026-06-19,FIDD,Rural Co-operative Banks,,"Reserve Bank of India [Rural Co-operative Banks - Kisan Credit Card (KCC) Scheme] Directions, 2026",
RBI/FIDD/2026-27/404,2026-06-19,FIDD,Regional Rural Banks,,"Reserve Bank of India [Regional Rural Banks - Kisan Credit Card (KCC) Scheme] Directions, 2026",
RBI/FIDD/2026-27/403,2026-06-19,FIDD,Small Finance Banks,,"Reserve Bank of India [Small Finance Banks - Kisan Credit Card (KCC) Scheme] Directions, 2026",
RBI/2026-27/150,2026-06-19,FIDD,Rural Co-operative Banks; Commercial Banks; Foreign Banks,The Chairman/Managing Director / Chief Executive Officer All Commercial Banks excluding Foreign Banks (other than Wholly Owned Subsidiaries of Foreign Banks) All State Co-operative Banks All District Central Co-operative Banks,Lead Bank Scheme,
RBI/2026-27/149,2026-06-19,DOR,Regional Rural Banks,,"Reserve Bank of India (Regional Rural Banks – Cash Reserve Ratio and Statutory Liquidity Ratio) Third Amendment Directions, 2026",
RBI/FIDD/2026-27/402,2026-06-19,FIDD,Commercial Banks,,"Reserve Bank of India [Commercial Banks - Kisan Credit Card (KCC) Scheme] Directions, 2026",
RBI/2026-27/148,2026-06-19,DOR,Rural Co-operative Banks,,"Reserve Bank of India (Rural Co-operative Banks – Cash Reserve Ratio and Statutory Liquidity Ratio) Third Amendment Directions, 2026",
RBI/2026-27/147,2026-06-19,DOR,Urban Co-operative Banks,,"Reserve Bank of India (Urban Co-operative Banks – Cash Reserve Ratio and Statutory Liquidity Ratio) Third Amendment Directions, 2026",
RBI/2026-27/146,2026-06-19,DOR,Small Finance Banks,,"Reserve Bank of India (Small Finance Banks – Cash Reserve Ratio and Statutory Liquidity Ratio) Third Amendment Directions, 2026",
RBI/2026-27/145,2026-06-19,DOR,Commercial Banks,,"Reserve Bank of India (Commercial Banks – Cash Reserve Ratio and Statutory Liquidity Ratio) Third Amendment Directions, 2026",
RBI/2026-27/144,2026-06-19,AP-DIR,Authorised Dealers (Category-I),All Authorised Dealer Category-I Banks,"Reporting of FCNR (B) Deposits, ECB and OFCB mobilized under Reserve Bank’s Swap Facility",
RBI/2026-27/143,2026-06-17,DOR,Rural Co-operative Banks,,"Reserve Bank of India (Rural Co-operative Banks – Interest Rate on Deposits) Amendment Directions, 2026",
RBI/2026-27/141,2026-06-17,DOR,Local Area Banks,,"Reserve Bank of India (Local Area Banks – Interest Rate on Deposits) Amendment Directions, 2026",
RBI/2026-27/142,2026-06-17,DOR,Urban Co-operative Banks,,"Reserve Bank of India (Urban Co-operative Banks – Interest Rate on Deposits) Amendment Directions, 2026",
RBI/2026-27/140,2026-06-17,DOR,Regional Rural Banks,,"Reserve Bank of India (Regional Rural Banks – Interest Rate on Deposits) Amendment Directions, 2026",
RBI/2026-27/139,2026-06-17,DOR,Small Finance Banks,,"Reserve Bank of India (Small Finance Banks – Interest Rate on Deposits) Amendment Directions, 2026",
RBI/2026-27/138,2026-06-17,DOR,Commercial Banks,,"Reserve Bank of India (Commercial Banks – Interest Rate on Deposits) Amendment Directions, 2026",
RBI/2026-27/137,2026-06-16,DOR,Small Finance Banks,,"Reserve Bank of India (Small Finance Banks – Prudential Norms on Capital Adequacy) Sixth Amendment Directions, 2026",
RBI/2026-27/136,2026-06-16,DOR,Non-Banking Financial Companies,,"Reserve Bank of India (Non-Banking Financial Companies – Prudential Norms on Capital Adequacy) Third Amendment Directions, 2026",
RBI/2026-27/135,2026-06-16,DOR,Regional Rural Banks,,"Reserve Bank of India (Regional Rural Banks - Prudential Norms on Capital Adequacy) Second Amendment Directions, 2026",
RBI/2026-27/134,2026-06-16,DOR,Urban Co-operative Banks,,"Reserve Bank of India (Urban Co-operative Banks – Prudential Norms on Capital Adequacy) Second Amendment Directions, 2026",
RBI/2026-27/132,2026-06-16,DOR,Commercial Banks,,"Reserve Bank of India (Commercial Banks- Prudential Norms on Capital Adequacy) Ninth Amendment Directions, 2026",
RBI/2026-27/133,2026-06-16,DOR,All India Financial Institutions,,"Reserve Bank of India (All India Financial Institutions – Prudential Norms on Capital Adequacy) Third Amendment Directions, 2026",
RBI/DPSS/2026-27/401,2026-06-15,DPSS,,,Master Directions on Authorisation to operate a Payment System,
RBI/DoR/2026-27/131,2026-06-15,DOR,Non-Banking Financial Companies,,"Reserve Bank of India (Non-Banking Financial Companies – Undertaking of Financial Services) Second Amendment Directions, 2026",
RBI/DoR/2026-27/130,2026-06-15,DOR,Rural Co-operative Banks,,"Reserve Bank of India (Rural Co-operative Banks – Undertaking of Financial Services) Second Amendment Directions, 2026",
RBI/DoR/2026-27/129,2026-06-15,DOR,Urban Co-operative Banks,,"Reserve Bank of India (Urban Co-operative Banks – Undertaking of Financial Services) Second Amendment Directions, 2026",
RBI/DoR/2026-27/128,2026-06-15,DOR,Regional Rural Banks,,"Reserve Bank of India (Regional Rural Banks – Undertaking of Financial Services) Second Amendment Directions, 2026",
RBI/DoR/2026-27/127,2026-06-15,DOR,Payments Banks,,"Reserve Bank of India (Payments Banks – Undertaking of Financial Services) Amendment Directions, 2026",
RBI/DoR/2026-27/126,2026-06-15,DOR,Small Finance Banks,,"Reserve Bank of India (Small Finance Banks – Undertaking of Financial Services) Second Amendment Directions, 2026",
RBI/DoR/2026-27/125,2026-06-15,DOR,Commercial Banks,,"Reserve Bank of India (Commercial Banks – Undertaking of Financial Services) Third Amendment Directions, 2026",
RBI/2026-27/124,2026-06-15,DOR,Housing Finance Companies,,"Reserve Bank of India (Housing Finance Companies) Second Amendment Directions, 2026",
RBI/2026-27/121,2026-06-15,DOR,Rural Co-operative Banks,,"Reserve Bank of India (Rural Co-operative Banks - Responsible Business Conduct) Second Amendment Directions, 2026",
RBI/2026-27/122,2026-06-15,DOR,All India Financial Institutions,,"Reserve Bank of India (All India Financial Institutions - Responsible Business Conduct) Second Amendment Directions, 2026",
RBI/2026-27/123,2026-06-15,DOR,Non-Banking Financial Companies,,"Reserve Bank of India (Non-Banking Financial Companies – Responsible Business Conduct) Second Amendment Directions, 2026",
RBI/2026-27/120,2026-06-15,DOR,Urban Co-operative Banks,,"Reserve Bank of India (Urban Co-operative Banks - Responsible Business Conduct) Second Amendment Directions, 2026",
RBI/2026-27/118,2026-06-15,DOR,Local Area Banks,,"Reserve Bank of India (Local Area Banks - Responsible Business Conduct) Second Amendment Directions, 2026",
RBI/2026-27/119,2026-06-15,DOR,Regional Rural Banks,,"Reserve Bank of India (Regional Rural Banks - Responsible Business Conduct) Second Amendment Directions, 2026",
RBI/2026-27/117,2026-06-15,DOR,Payments Banks,,"Reserve Bank of India (Payments Banks - Responsible Business Conduct) Second Amendment Directions, 2026",
RBI/2026-27/116,2026-06-15,DOR,Small Finance Banks,,"Reserve Bank of India (Small Finance Banks - Responsible Business Conduct) Second Amendment Directions, 2026",
RBI/2026-27/115,2026-06-15,DOR,Commercial Banks,,"Reserve Bank of India (Commercial Banks - Responsible Business Conduct) Second Amendment Directions, 2026",
RBI/2026-27/114,2026-06-15,AP-DIR,,All Category – I Authorised Dealer Banks,"Liberalisation of Foreign Portfolio Investment under Schedule III of the Foreign Exchange Management (Non-debt Instruments) Rules, 2019",
RBI/2026-27/113,2026-06-10,DOR,All India Financial Institutions,,"Reserve Bank of India (All India Financial Institutions – Credit Facilities) Amendment Directions, 2026",
RBI/2026-27/112,2026-06-10,DOR,Small Finance Banks,,"Reserve Bank of India (Small Finance Banks – Credit Facilities) Second Amendment Directions, 2026",
RBI/2026-27/111,2026-06-10,DOR,Commercial Banks,,"Reserve Bank of India (Commercial Banks - Prudential Norms on Capital Adequacy) Eighth Amendment Directions, 2026",
RBI/2026-27/110,2026-06-10,DOR,Commercial Banks,,"Reserve Bank of India (Commercial Banks – Concentration Risk Management) Third Amendment Directions, 2026",
RBI/2026-27/109,2026-06-10,DOR,Commercial Banks,,"Reserve Bank of India (Commercial Banks – Credit Facilities) Third Amendment Directions, 2026",
RBI/2026-27/108,2026-06-09,DCM,All Banks,The Chairman / Managing Director / Chief Executive Officer All Banks,Withdrawal of old series of banknotes issued prior to 2005: Consolidation of instructions,
RBI/2026-27/107,2026-06-09,DCM,All Banks,The Chairman / Managing Director / Chief Executive Officer All Banks,Withdrawal of ₹2000 Denomination Banknotes from circulation: Consolidation of instructions,
RBI/2026-27/106,2026-06-08,DOR,Regional Rural Banks,,"Reserve Bank of India (Regional Rural Banks – Cash Reserve Ratio and Statutory Liquidity Ratio) Second Amendment Directions, 2026",
RBI/2026-27/105,2026-06-08,DOR,Rural Co-operative Banks,,"Reserve Bank of India (Rural Co-operative Banks – Cash Reserve Ratio and Statutory Liquidity Ratio) Second Amendment Directions, 2026",
RBI/2026-27/104,2026-06-08,DOR,Urban Co-operative Banks,,"Reserve Bank of India (Urban Co-operative Banks – Cash Reserve Ratio and Statutory Liquidity Ratio) Second Amendment Directions, 2026",
RBI/2026-27/102,2026-06-08,DOR,Commercial Banks,,"Reserve Bank of India (Commercial Banks – Cash Reserve Ratio and Statutory Liquidity Ratio) Second Amendment Directions, 2026",
RBI/2026-27/103,2026-06-08,DOR,Small Finance Banks,,"Reserve Bank of India (Small Finance Banks – Cash Reserve Ratio and Statutory Liquidity Ratio) Second Amendment Directions, 2026",
RBI/2026-27/101,2026-06-08,AP-DIR,Authorised Dealers (Category-I),"To, All Authorised Dealer Category-I Banks",NOP-INR position of Authorised Dealer Category-I banks,
RBI/2026-27/100,2026-06-08,FMOD,Authorised Dealers (Category-I),All Authorised Dealer Category-I Banks,Swap Facility for External Commercial Borrowings and Overseas Foreign Currency Borrowings,
RBI/2026-27/99,2026-06-08,FMOD,Authorised Dealers (Category-I),All Authorised Dealer Category-I Banks,Swap Facility for FCNR (B) Deposits,
RBI/2026-27/98,2026-06-05,AP-DIR,,All Category - I Authorised Dealer Banks,Submission of statement/return on Centralized Information Management System (CIMS),
RBI/2026-27/97,2026-06-05,AP-DIR,Authorised Persons,"To, All Authorised Persons",Investments by Foreign Portfolio Investors in Government Securities – Amendments to the regulatory framework,
RBI/2026-27/96,2026-06-03,FIDD,,The Chairman / Managing Director & Chief Executive Officer Lead Banks Concerned,Formation of new district in the State of Assam – Assignment of Lead Bank Responsibility,
RBI/DOR/2026-27/95,2026-05-25,DOR,Rural Co-operative Banks,,"Reserve Bank of India (Rural Co-operative Banks - Governance) Amendment Directions, 2026",
RBI/DOR/2026-27/94,2026-05-25,DOR,Urban Co-operative Banks,,"Reserve Bank of India (Urban Co-operative Banks - Governance) Amendment Directions, 2026",
RBI/2026-27/93,2026-05-22,DOR,Small Finance Banks; Payments Banks; Local Area Banks; Regional Rural Banks; Urban Co-operative Banks; Rural Co-operative Banks; Commercial Banks; Non-Banking Financial Companies; Asset Reconstruction Companies; All India Financial Institutions,"The Chairpersons/ CEOs of the Commercial Banks, Small Finance Banks, Payment Banks, Urban Co-operative Banks, Rural Co-operative Banks, Regional Rural Banks, Local Area Banks, Non-Banking Financial Companies, Asset Reconstruction Companies, All India Financial Institutions","Implementation of Section 51A of UAPA, 1967: Updates to UNSC’s 1267/ 1989 ISIL (Da'esh) & Al-Qaida Sanctions List: Removal of 7 Entries",
RBI/2026-27/92,2026-05-18,DOR,Local Area Banks,,"Reserve Bank of India (Local Area Banks – Financial Statements: Presentation and Disclosures) Third Amendment Directions, 2026",
RBI/2026-27/91,2026-05-18,DOR,Commercial Banks,,"Reserve Bank of India (Commercial Banks – Financial Statements: Presentation and Disclosures) Sixth Amendment Directions, 2026",
RBI/2026-27/90,2026-05-18,DOR,Commercial Banks,,"Reserve Bank of India (Commercial Banks – Prudential Norms on Capital Adequacy) Sixth Amendment Directions, 2026",
RBI/2026-27/88,2026-05-18,DOR,Rural Co-operative Banks,,"Reserve Bank of India (Rural Co-operative Banks – Classification, Valuation, and Operation of Investment Portfolio) Amendment Directions, 2026",
RBI/2026-27/89,2026-05-18,DOR,Regional Rural Banks,,"Reserve Bank of India (Regional Rural Banks - Classification, Valuation, and Operation of Investment Portfolio) Amendment Directions, 2026",
RBI/2026-27/87,2026-05-18,DOR,Urban Co-operative Banks,,"Reserve Bank of India (Urban Co-operative Banks – Classification, Valuation, and Operation of Investment Portfolio) Amendment Directions, 2026",
RBI/2026-27/86,2026-05-18,DOR,Local Area Banks,,"Reserve Bank of India (Local Area Banks - Classification, Valuation, and Operation of Investment Portfolio) Amendment Directions, 2026",
RBI/2026-27/85,2026-05-18,DOR,Payments Banks,,"Reserve Bank of India (Payments Banks - Classification, Valuation, and Operation of Investment Portfolio) Amendment Directions, 2026",
RBI/2026-27/84,2026-05-18,DOR,Small Finance Banks,,"Reserve Bank of India (Small Finance Banks - Classification, Valuation, and Operation of Investment Portfolio) Amendment Directions, 2026",
RBI/2026-27/83,2026-05-18,DOR,Commercial Banks,,"Reserve Bank of India (Commercial Banks - Classification, Valuation, and Operation of Investment Portfolio) Second Amendment Directions, 2026",
RBI/2026-27/82,2026-05-13,AP-DIR,,All Authorised Dealers,Operating framework for facilitating Outward Remittance services by non- bank entities through Authorized Dealer (Category I) banks in India,
RBI/2026-27/81,2026-05-08,DOR,Payments Banks,,"Reserve Bank of India (Payments Banks - Prudential Norms on Capital Adequacy) Second Amendment Directions, 2026",
RBI/2026-27/80,2026-05-08,DOR,Small Finance Banks,,"Reserve Bank of India (Small Finance Banks - Prudential Norms on Capital Adequacy) Fourth Amendment Directions, 2026",
RBI/2026-27/79,2026-05-08,DOR,Commercial Banks,,"Reserve Bank of India (Commercial Banks - Prudential Norms on Capital Adequacy) Fifth Amendment Directions, 2026",
RBI/2026-27/78,2026-05-06,AP-DIR,Authorised Persons,"All Authorised Persons,","Issuance of Foreign Exchange Management (Authorised Persons) Regulations, 2026",
RBI/DGBA/2026-27/400,2026-04-30,DGBA,Agency Banks,,"Reserve Bank of India [Conduct of Government Business by Agency Banks (ABs) – Payment of Agency Commission and Oversight of ABs] Directions, 2026",
RBI/DGBA/2026-27/399,2026-04-30,DGBA,Agency Banks,,"Reserve Bank of India [Disbursement of Government Pension by Agency Banks (ABs)] Directions, 2026 (Updated as on June 24, 2026)",
RBI/2026-27/74,2026-04-29,DOR,All India Financial Institutions,,"Reserve Bank of India (All India Financial Institutions – Responsible Business Conduct) Amendment Directions, 2026",
RBI/2026-27/75,2026-04-29,DOR,All India Financial Institutions,,"Reserve Bank of India (All India Financial Institutions – Credit Risk Management) Second Amendment Directions, 2026",
RBI/2026-27/73,2026-04-29,DOR,All India Financial Institutions,,"Reserve Bank of India (All India Financial Institutions – Income Recognition, Asset Classification and Provisioning) Amendment Directions, 2026",
RBI/2026-27/63,2026-04-29,DOR,Regional Rural Banks,,"Reserve Bank of India (Regional Rural Banks – Credit Risk Management) Second Amendment Directions, 2026",
RBI/2026-27/72,2026-04-29,DOR,All India Financial Institutions,,"Reserve Bank of India (All India Financial Institutions– Resolution of Stressed Assets) Amendment Directions, 2026",
RBI/2026-27/67,2026-04-29,DOR,Rural Co-operative Banks,,"Reserve Bank of India (Rural Cooperative Banks – Credit Risk Management) Second Amendment Directions, 2026",
RBI/2026-27/71,2026-04-29,DOR,Non-Banking Financial Companies,,"Reserve Bank of India (Non-Banking Financial Companies – Credit Risk Management) Second Amendment Directions, 2026",
RBI/2026-27/62,2026-04-29,DOR,Regional Rural Banks,,"Reserve Bank of India (Regional Rural Banks – Responsible Business Conduct) Amendment Directions, 2026",
RBI/2026-27/66,2026-04-29,DOR,Rural Co-operative Banks,,"Reserve Bank of India (Rural Cooperative Banks – Responsible Business Conduct) Amendment Directions, 2026",
RBI/2026-27/77,2026-04-29,DOR,,,"Reserve Bank of India (Relief Measures by Banks in Areas affected by Natural Calamities) Directions 2018 – RRBs Repeal Directions, 2026",
RBI/2026-27/70,2026-04-29,DOR,Non-Banking Financial Companies,,"Reserve Bank of India (Non-Banking Financial Companies – Responsible Business Conduct) Amendment Directions, 2026",
RBI/2026-27/61,2026-04-29,DOR,Regional Rural Banks,,"Reserve Bank of India (Regional Rural Banks – Income Recognition, Asset Classification and Provisioning) Amendment Directions, 2026",
RBI/2026-27/65,2026-04-29,DOR,Rural Co-operative Banks,,"Reserve Bank of India (Rural Cooperative Banks – Income Recognition, Asset Classification and Provisioning) Amendment Directions, 2026",
RBI/2026-27/69,2026-04-29,DOR,Non-Banking Financial Companies,,"Reserve Bank of India (Non-Banking Financial Companies – Income Recognition, Asset Classification and Provisioning) Amendment Directions, 2026",
RBI/2026-27/76,2026-04-29,DOR,,,"Reserve Bank of India (Relief Measures by Banks in Areas affected by Natural Calamities) Directions 2018 – SCBs Repeal Directions, 2026",
RBI/2026-27/60,2026-04-29,DOR,Regional Rural Banks,,"Reserve Bank of India (Regional Rural Banks – Resolution of Stressed Assets) Amendment Directions, 2026",
RBI/2026-27/64,2026-04-29,DOR,Rural Co-operative Banks,,"Reserve Bank of India (Rural Cooperative Banks – Resolution of Stressed Assets) Amendment Directions, 2026",
RBI/2026-27/68,2026-04-29,DOR,Non-Banking Financial Companies,,"Reserve Bank of India (Non-Banking Financial Companies – Resolution of Stressed Assets) Amendment Directions, 2026",
RBI/2026-27/59,2026-04-29,DOR,Urban Co-operative Banks,,"Reserve Bank of India (Urban Cooperative Banks – Credit Risk Management) Second Amendment Directions, 2026",
RBI/2026-27/55,2026-04-29,DOR,Local Area Banks,,"Reserve Bank of India (Local Area Banks – Credit Risk Management) Second Amendment Directions, 2026",
RBI/2026-27/58,2026-04-29,DOR,Urban Co-operative Banks,,"Reserve Bank of India (Urban Cooperative Banks – Responsible Business Conduct) Amendment Directions, 2026",
RBI/2026-27/54,2026-04-29,DOR,Local Area Banks,,"Reserve Bank of India (Local Area Banks – Responsible Business Conduct) Amendment Directions, 2026",
RBI/2026-27/51,2026-04-29,DOR,Small Finance Banks,,"Reserve Bank of India (Small Finance Banks – Credit Risk Management) Second Amendment Directions, 2026",
RBI/2026-27/57,2026-04-29,DOR,Urban Co-operative Banks,,"Reserve Bank of India (Urban Cooperative Banks – Income Recognition, Asset Classification and Provisioning) Amendment Directions, 2026",
RBI/2026-27/56,2026-04-29,DOR,Urban Co-operative Banks,,"Reserve Bank of India (Urban Cooperative Banks – Resolution of Stressed Assets) Second Amendment Directions, 2026",
RBI/2026-27/50,2026-04-29,DOR,Small Finance Banks,,"Reserve Bank of India (Small Finance Banks – Responsible Business Conduct) Amendment Directions, 2026",
RBI/2026-27/53,2026-04-29,DOR,Local Area Banks,,"Reserve Bank of India (Local Area Banks – Income Recognition, Asset Classification and Provisioning) Amendment Directions, 2026",
RBI/2026-27/49,2026-04-29,DOR,Small Finance Banks,,"Reserve Bank of India (Small Finance Banks – Income Recognition, Asset Classification and Provisioning) Amendment Directions, 2026",
RBI/2026-27/47,2026-04-29,DOR,Commercial Banks,,"Reserve Bank of India (Commercial Banks – Credit Risk Management) Third Amendment Directions, 2026",
RBI/2026-27/48,2026-04-29,DOR,Small Finance Banks,,"Reserve Bank of India (Small Finance Banks – Resolution of Stressed Assets) Amendment Directions, 2026",
RBI/2026-27/52,2026-04-29,DOR,Local Area Banks,,"Reserve Bank of India (Local Area Banks – Resolution of Stressed Assets) Amendment Directions, 2026",
RBI/2026-27/46,2026-04-29,DOR,Commercial Banks,,"Reserve Bank of India (Commercial Banks – Responsible Business Conduct) Amendment Directions, 2026",
RBI/2026-27/45,2026-04-29,DOR,Commercial Banks,,"Reserve Bank of India (Commercial Banks – Income Recognition, Asset Classification and Provisioning) Amendment Directions, 2026",
RBI/2026-27/43,2026-04-29,DOR,Non-Banking Financial Companies,,"Reserve Bank of India (Non-Banking Financial Companies – Registration, Exemptions and Framework for Scale Based Regulation) Amendment Directions, 2026",
RBI/2026-27/42,2026-04-29,DOR,Small Finance Banks; Payments Banks; Local Area Banks; Regional Rural Banks; Urban Co-operative Banks; Rural Co-operative Banks; Commercial Banks; Non-Banking Financial Companies; Asset Reconstruction Companies; All India Financial Institutions,"The Chairpersons/ CEOs of the Commercial Banks, Small Finance Banks, Payment Banks, Urban Co-operative Banks, Rural Co-operative Banks, Regional Rural Banks, Local Area Banks, Non-Banking Financial Companies, Asset Reconstruction Companies, All India Financial Institutions","Implementation of Section 51A of UAPA, 1967: Updates to UNSC’s 1988 (2011) Taliban Sanctions List: Amendment of 17 Entries",
RBI/2026-27/44,2026-04-29,DOR,Commercial Banks,,"Reserve Bank of India (Commercial Banks – Resolution of Stressed Assets) Second Amendment Directions, 2026",
RBI/2026-27/41,2026-04-29,DOR,Urban Co-operative Banks,,"Reserve Bank of India (Urban Co-operative Banks – Financial Statements: Presentation and Disclosures) – Second Amendment Directions, 2026",
RBI/2026-27/40,2026-04-29,DOR,Urban Co-operative Banks,,"Reserve Bank of India (Urban Co-operative Banks – Credit Facilities) – Amendment Directions, 2026",
RBI/2026-27/39,2026-04-29,DOR,Urban Co-operative Banks,,"Reserve Bank of India (Urban Co-operative Banks – Concentration Risk Management) – Amendment Directions, 2026",
RBI/2026-27/38,2026-04-27,AP-DIR,Authorised Dealers (Category-I),All Authorised Dealer Category-I Banks,Reporting instructions for Authorised Dealer Category-I Banks,
RBI/2026-27/37,2026-04-27,FMRD,,All participants in Government Securities market,"Master Direction - Reserve Bank of India (Access Criteria for NDS-OM) Directions, 2025",
RBI/DOR/2026-27/398,2026-04-27,DOR,Commercial Banks,,"Reserve Bank of India (Commercial Banks - Asset Classification, Provisioning and Income Recognition) Directions, 2026",
RBI/2026-27/22,2026-04-27,DOR,Commercial Banks,,"Reserve Bank of India (Commercial Banks – Undertaking of Financial Services) – Second Amendment Directions, 2026",
RBI/DOR/2026-27/397,2026-04-27,DOR,Commercial Banks,,"Reserve Bank of India (Commercial Banks - Capital Charge for Credit Risk – Standardised Approach) Directions, 2026 (Effective from April 1, 2027)",
RBI/DOR/2026-27/36,2026-04-27,DOR,Commercial Banks,,"Reserve Bank of India (Commercial Banks – Income Recognition, Asset Classification and Provisioning) Repeal Directions, 2026",
RBI/2026-27/25,2026-04-27,DOR,Commercial Banks,,"Reserve Bank of India (Commercial Banks – Credit Facilities) Second Amendment Directions, 2026",
RBI/2026-27/26,2026-04-27,DOR,Commercial Banks,,"Reserve Bank of India (Commercial Banks – Credit Risk Management) - Second Amendment Directions, 2026",
RBI/2026-27/21,2026-04-27,DOR,Urban Co-operative Banks,,"Reserve Bank of India (Urban Co-operative Banks – Undertaking of Financial Services) – Amendment Directions, 2026",
RBI/2026-27/35,2026-04-27,DOR,Commercial Banks,,"Reserve Bank of India (Commercial Banks – Financial Statements: Presentation and Disclosures)- Seventh Amendment Directions, 2026",
RBI/2026-27/30,2026-04-27,DOR,Commercial Banks,,"Reserve Bank of India (Commercial Banks – Asset Liability Management) - Amendment Directions, 2026",
RBI/2026-27/24,2026-04-27,DOR,Commercial Banks,,"Reserve Bank of India (Commercial Banks - Transfer and Distribution of Credit Risk) Amendment Directions, 2026",
RBI/2026-27/34,2026-04-27,DOR,Commercial Banks,,"Reserve Bank of India (Commercial Banks – Classification, Valuation, and Operation of Investment Portfolio)- Amendment Directions, 2026",
RBI/2026-27/20,2026-04-27,DOR,Small Finance Banks,,"Reserve Bank of India (Small Finance Banks – Undertaking of Financial Services) – Amendment Directions, 2026",
RBI/2026-27/29,2026-04-27,DOR,Commercial Banks,,"Reserve Bank of India (Commercial Banks – Credit Cards and Debit Cards: Issuance and Conduct) - Amendment Directions, 2026",
RBI/2026-27/33,2026-04-27,DOR,Commercial Banks,,"Reserve Bank of India (Commercial Banks - Prudential Norms on Capital Adequacy) Fourth Amendment Directions, 2026",
RBI/2026-27/19,2026-04-27,DOR,Regional Rural Banks,,"Reserve Bank of India (Regional Rural Banks – Undertaking of Financial Services) – Amendment Directions, 2026",
RBI/2026-27/32,2026-04-27,DOR,Urban Co-operative Banks,,"Reserve Bank of India (Urban Cooperative Banks – Resolution of Stressed Assets)- Amendment Directions, 2026",
RBI/2026-27/23,2026-04-27,DOR,Commercial Banks,,"Reserve Bank of India (Commercial Banks – Resolution of Stressed Assets) Amendment Directions, 2026",
RBI/2026-27/31,2026-04-27,DOR,,,"Reserve Bank of India (Non-Operative Financial Holding Companies)- Amendment Directions, 2026",
RBI/2026-27/28,2026-04-27,DOR,Commercial Banks,,"Reserve Bank of India (Commercial Banks – Treatment of Wilful Defaulters and Large Defaulters) - Amendment Directions, 2026",
RBI/2026-27/18,2026-04-27,DOR,Rural Co-operative Banks,,"Reserve Bank of India (Rural Co-operative Banks– Undertaking of Financial Services) – Amendment Directions, 2026",
RBI/2026-27/27,2026-04-27,DOR,Commercial Banks,,"Reserve Bank of India (Commercial Banks - Concentration Risk Management) - Second Amendment Directions, 2026",
RBI/2026-27/17,2026-04-27,DOR,Non-Banking Financial Companies,,"Reserve Bank of India (Non-Banking Financial Companies– Undertaking of Financial Services) –Amendment Directions, 2026",
RBI/2026-27/16,2026-04-27,DOR,All India Financial Institutions,,"Reserve Bank of India (All India Financial Institutions – Undertaking of Financial Services) –Amendment Directions, 2026",
RBI/2026-27/15,2026-04-27,DOR,Local Area Banks,,"Reserve Bank of India (Local Area Banks – Miscellaneous) – Amendment Directions, 2026",
RBI/DPSS/2026-27/396,2026-04-21,DPSS,,,"Digital Payments – E-mandate Framework, 2026",
RBI/2026-27/14,2026-04-20,AP-DIR,,"To, All Authorised Dealers",Risk Management and Inter-Bank Dealings,
RBI/2026-27/13,2026-04-17,DOR,Small Finance Banks; Payments Banks; Local Area Banks; Regional Rural Banks; Urban Co-operative Banks; Rural Co-operative Banks; Commercial Banks; Non-Banking Financial Companies; Asset Reconstruction Companies; All India Financial Institutions,"The Chairpersons/ CEOs of the Commercial Banks, Small Finance Banks, Payment Banks, Urban Co-operative Banks, Rural Co-operative Banks, Regional Rural Banks, Local Area Banks, Non-Banking Financial Companies, Asset Reconstruction Companies, All India Financial Institutions","Implementation of Section 51A of UAPA, 1967: Updates to UNSC’s 1988 (2011) Taliban Sanctions List: Amendment of 3 Entries",
RBI/2026-2027/11,2026-04-15,DOR,Non-Banking Financial Companies,,"Reserve Bank of India (Non-Banking Financial Companies – Branch Authorisation) Amendment Directions, 2026",
RBI/2026-27/12,2026-04-15,DOR,Small Finance Banks; Payments Banks; Local Area Banks; Regional Rural Banks; Urban Co-operative Banks; Rural Co-operative Banks; Commercial Banks; Non-Banking Financial Companies; Asset Reconstruction Companies; All India Financial Institutions,"The Chairpersons/ CEOs of the Commercial Banks, Small Finance Banks, Payment Banks, Urban Co-operative Banks, Rural Co-operative Banks, Regional Rural Banks, Local Area Banks, Non-Banking Financial Companies, Asset Reconstruction Companies, All India Financial Institutions","Implementation of Section 51A of UAPA, 1967: Updates to UNSC’s 1988 (2011) Taliban Sanctions List: Amendment of 04 Entries",
RBI/2026-27/10,2026-04-10,AP-DIR,Authorised Dealers (Category-I),All Authorised Dealer Category-I banks,"Master Direction - Reserve Bank of India (Non-resident Investment in Debt Instruments) Directions, 2025 – amendment",
RBI/2026-27/09,2026-04-10,FIDD,,The Chairman / Managing Director & Chief Executive Officer Lead Banks Concerned,Formation of new districts in the State of Andhra Pradesh – Assignment of Lead Bank Responsibility,
RBI/2026-27/08,2026-04-09,DPSS,Commercial Banks,The Chairman / Managing Director / Chief Executive Officer All Scheduled Commercial Banks,Guidelines to facilitate faster cross-border inward payments,
RBI/2026-27/07,2026-04-06,AP-DIR,Authorised Persons,"To, All Authorised Persons",Limits for investment in debt and sale of Credit Default Swaps by Foreign Portfolio Investors (FPIs),
RBI/2026-27/06,2026-04-02,IDMD,,All the Receiving Offices ( as per the list attached ),"Floating Rate Savings Bonds, 2020 (Taxable) - FRSB 2020 (T) - Operational Guidelines",
RBI/2026-27/05,2026-04-02,AP-DIR,Authorised Persons,All Authorised Persons,Memorandum of Instructions governing money changing activities – Location of Forex Counters in International Airports in India,
RBI/2026-27/04,2026-04-01,AP-DIR,,"To, All Authorised Dealers",Risk Management and Inter-Bank Dealings,
RBI/DCM/2026-27/395,2026-04-01,DCM,All Banks,The Chairman/ Managing Director/ Chief Executive Officer All Banks,Master Direction – Facility for Exchange of Notes and Coins,
RBI/DCM/2026-27/394,2026-04-01,DCM,All Banks,The Chairman/ Managing Director/ Chief Executive Officer All Banks,"Master Direction on Counterfeit Notes – Detection, Reporting and Monitoring",
RBI/DCM/2026-27/393,2026-04-01,DCM,All Banks,The Chairman / Managing Director / Chief Executive Officer All banks,Master Direction on Incentives for Currency Distribution and Exchange and Penalties / Penal Provisions for Bank Branches and Currency Chests for Deficiency in Rendering Customer Service and Reporting of Transactions / Balances,
RBI/2026-27/03,2026-04-01,AP-DIR,Authorised Dealers (Category-I),All Authorised Dealer Category I Banks,Overseas Investment – Submission of References to the Reserve Bank,
RBI/2026-27/02,2026-04-01,AP-DIR,Authorised Persons,All Authorised Persons,"Reporting under Foreign Exchange Management Act, 1999 – Returns pertaining to Foreign Exchange Management (Guarantees) Regulations, 2026",
RBI/2026-27/01,2026-04-01,DOR,Small Finance Banks; Payments Banks; Local Area Banks; Regional Rural Banks; Urban Co-operative Banks; Rural Co-operative Banks; Commercial Banks; Non-Banking Financial Companies; Asset Reconstruction Companies; All India Financial Institutions,"The Chairpersons/ CEOs of the Commercial Banks, Small Finance Banks, Payment Banks, Urban Co-operative Banks, Rural Co-operative Banks, Regional Rural Banks, Local Area Banks, Non-Banking Financial Companies, Asset Reconstruction Companies, All India Financial Institutions","Implementation of Section 51A of UAPA, 1967: Updates to UNSC’s 1267/ 1989 ISIL (Da'esh) & Al-Qaida Sanctions List: Listing of 01 Entry",
RBI/2025-26/263,2026-03-31,DOR,,,"Reserve Bank of India (Trade Relief Measures) Directions, 2026",
RBI/2025-26/264,2026-03-30,FIDD,,The Chairman / Managing Director & Chief Executive Officer Lead Banks Concerned,Formation of new district in the State of Goa – Assignment of Lead Bank Responsibility,
RBI/2025-26/262,2026-03-30,DOR,Small Finance Banks,,"Reserve Bank of India (Small Finance Banks – Financial Statements: Presentation and Disclosures) – Second Amendment Directions, 2026 (Revised)",
RBI/2025-26/261,2026-03-30,DOR,Small Finance Banks,,"Reserve Bank of India (Small Finance Banks - Prudential Norms on Capital Adequacy) Second Amendment Directions, 2026 (Revised)",
RBI/2025-26/260,2026-03-30,DOR,Small Finance Banks,,"Reserve Bank of India (Small Finance Banks - Concentration Risk Management) Amendment Directions, 2026 (Revised)",
RBI/2025-26/259,2026-03-30,DOR,Small Finance Banks,,"Reserve Bank of India (Small Finance Banks – Credit Facilities) Amendment Directions, 2026 (Revised)",
RBI/2025-26/258,2026-03-30,DOR,Commercial Banks,,"Reserve Bank of India (Commercial Banks – Undertaking of Financial Services) – Amendment Directions, 2026 (Revised)",
RBI/2025-26/257,2026-03-30,DOR,Commercial Banks,,"Reserve Bank of India (Commercial Banks – Financial Statements: Presentation and Disclosures) – Third Amendment Directions, 2026 (Revised)",
RBI/2025-26/256,2026-03-30,DOR,Commercial Banks,,"Reserve Bank of India (Commercial Banks - Prudential Norms on Capital Adequacy) Second Amendment Directions, 2026 (Revised)",
RBI/2025-26/255,2026-03-30,DOR,Commercial Banks,,"Reserve Bank of India (Commercial Banks - Concentration Risk Management) Amendment Directions, 2026 (Revised)",
RBI/2025-26/254,2026-03-30,DOR,Commercial Banks,,"Reserve Bank of India (Commercial Banks – Credit Facilities) Amendment Directions, 2026 (Revised)",
RBI/2025-26/253,2026-03-30,AP-DIR,Authorised Dealers (Category-I),"All Authorised Dealer Category I Banks,","Reporting under Foreign Exchange Management Act, 1999 – Returns pertaining to External Commercial Borrowing (ECB)",
RBI/2025-26/252,2026-03-27,AP-DIR,Authorised Persons,"To, All Authorised Persons",NOP-INR position of Authorised Dealers,
RBI/FMRD/2025-26/392,2026-03-27,FMRD,,All eligible market participants,"Master Direction - Reserve Bank of India (Unique Identifiers in Financial Markets) Directions, 2026",
RBI/2025-26/251,2026-03-27,DOR,Small Finance Banks; Payments Banks; Local Area Banks; Regional Rural Banks; Urban Co-operative Banks; Rural Co-operative Banks; Commercial Banks; Non-Banking Financial Companies; Asset Reconstruction Companies; All India Financial Institutions,"The Chairpersons/ CEOs of the Commercial Banks, Small Finance Banks, Payment Banks, Urban Co-operative Banks, Rural Co-operative Banks, Regional Rural Banks, Local Area Banks, Non-Banking Financial Companies, Asset Reconstruction Companies, All India Financial Institutions","Implementation of Section 51A of UAPA, 1967: Updates to UNSC’s 1267/ 1989 ISIL (Da'esh) & Al-Qaida Sanctions List: Listing of 02 Entries",
RBI/2025-26/250,2026-03-16,DCM,,All Currency Chest (CC) holding banks,"Currency Chest operations on March 31, 2026",
RBI/DOR/2025-26/249,2026-03-16,DOR,Rural Co-operative Banks,,"Reserve Bank of India (Rural Co-operative Banks – Financial Statements: Presentation and Disclosures) – Second Amendment Directions, 2026",
RBI/DOR/2025-26/248,2026-03-16,DOR,Urban Co-operative Banks,,"Reserve Bank of India (Urban Co-operative Banks – Financial Statements: Presentation and Disclosures) – Third Amendment Directions, 2026",
RBI/DOR/2025-26/246,2026-03-16,DOR,Local Area Banks,,"Reserve Bank of India (Local Area Banks – Financial Statements: Presentation and Disclosures) Second Amendment Directions, 2026",
RBI/DOR/2025-26/245,2026-03-16,DOR,Payments Banks,,"Reserve Bank of India (Payments Banks – Financial Statements: Presentation and Disclosures) Amendment Directions, 2026",
RBI/DOR/2025-26/247,2026-03-16,DOR,Regional Rural Banks,,"Reserve Bank of India (Regional Rural Banks – Financial Statements: Presentation and Disclosures) – Second Amendment Directions, 2026",
RBI/DOR/2025-26/244,2026-03-16,DOR,Small Finance Banks,,"Reserve Bank of India (Small Finance Banks – Financial Statements: Presentation and Disclosures) – Third Amendment Directions, 2026",
RBI/DOR/2025-26/243,2026-03-16,DOR,Commercial Banks,,"Reserve Bank of India (Commercial Banks – Financial Statements: Presentation and Disclosures) – Fifth Amendment Directions, 2026",
RBI/2025-26/242,2026-03-11,DOR,Small Finance Banks; Payments Banks; Local Area Banks; Regional Rural Banks; Urban Co-operative Banks; Rural Co-operative Banks; Commercial Banks; Non-Banking Financial Companies; Asset Reconstruction Companies; All India Financial Institutions,"The Chairpersons/ CEOs of the Commercial Banks, Small Finance Banks, Payment Banks, Urban Co-operative Banks, Rural Co-operative Banks, Regional Rural Banks, Local Area Banks, Non-Banking Financial Companies, Asset Reconstruction Companies, All India Financial Institutions","Implementation of Section 51A of UAPA, 1967: Updates to UNSC's 1988 (2011) Taliban Sanctions List: Amendment of 22 Entries: UAPA Update 02 of 2026",
RBI/2025-26/241,2026-03-10,DOR,All India Financial Institutions,,"Reserve Bank of India (All India Financial Institutions (AIFIs) - Prudential Norms on Capital Adequacy) Second Amendment Directions, 2026",
RBI/2025-26/240,2026-03-10,DOR,Payments Banks,,"Reserve Bank of India (Payments Banks - Prudential Norms on Capital Adequacy) Amendment Directions, 2026",
RBI/2025-26/239,2026-03-10,DOR,Small Finance Banks,,"Reserve Bank of India (Small Finance Banks - Prudential Norms on Capital Adequacy) Third Amendment Directions, 2026",
RBI/2025-26/391,2026-03-10,DOR,Small Finance Banks,,"Reserve Bank of India (Small Finance Banks – Prudential Norms on Declaration of Dividend) Directions, 2026",
RBI/2025-26/390,2026-03-10,DOR,Regional Rural Banks,,"Reserve Bank of India (Regional Rural Banks – Prudential Norms on Declaration of Dividend) Directions, 2026",
RBI/2025-26/238,2026-03-10,DOR,Commercial Banks,,"Reserve Bank of India (Commercial Banks - Prudential Norms on Capital Adequacy) Third Amendment Directions, 2026",
RBI/DOR/2025-26/237,2026-03-10,DOR,Local Area Banks,,"Reserve Bank of India (Local Area Banks – Prudential Norms on Declaration of Dividends) Repeal Directions, 2026",
RBI/2025-26/389,2026-03-10,DOR,Local Area Banks,,"Reserve Bank of India (Local Area Banks – Prudential Norms on Declaration of Dividend) Directions, 2026",
RBI/DOR/2025-26/236,2026-03-10,DOR,Payments Banks,,"Reserve Bank of India (Payment Banks – Prudential Norms on Declaration of Dividends) Repeal Directions, 2026",
RBI/DOR/2025-26/235,2026-03-10,DOR,Small Finance Banks,,"Reserve Bank of India (Small Finance Banks – Prudential Norms on Declaration of Dividends) Repeal Directions, 2026",
RBI/2025-26/388,2026-03-10,DOR,Payments Banks,,"Reserve Bank of India (Payments Banks – Prudential Norms on Declaration of Dividend) Directions, 2026",
RBI/DOR/2025-26/234,2026-03-10,DOR,Commercial Banks,,"Reserve Bank of India (Commercial Banks – Prudential Norms on Declaration of Dividend and Remittance of Profit) Repeal Directions, 2026",
RBI/2025-26/387,2026-03-10,DOR,Commercial Banks,,"Reserve Bank of India (Commercial Banks – Prudential Norms on Declaration of Dividend and Remittances of Profits) Directions, 2026",
RBI/DOR/2025-26/233,2026-03-10,DOR,Foreign Banks,,"Reserve Bank of India (Setting Up of Wholly Owned Subsidiaries by Foreign Banks) Amendment Guidelines, 2026",
RBI/2025-26/232,2026-03-10,DOR,Standalone Primary Dealers; Primary Dealers,All Standalone Primary Dealers (SPDs),"Reserve Bank of India (Standalone Primary Dealers) Amendment Directions, 2026",
RBI/2025-26/231,2026-03-10,DOR,Asset Reconstruction Companies,All Asset Reconstruction Companies (ARCs),"Reserve Bank of India (Asset Reconstruction Companies) Amendment Directions, 2026",
RBI/2025-26/230,2026-03-10,DOR,,All Mortgage Guarantee Companies (MGCs),"Reserve Bank of India (Mortgage Guarantee Companies) Amendment Directions, 2026",
RBI/2025-26/229,2026-03-10,DOR,Credit Information Companies,All Core Investment Companies (CICs),"Reserve Bank of India (Core Investment Companies) Amendment Directions, 2026",
RBI/2025-26/227,2026-03-10,DOR,Non-Banking Financial Companies,All Non-Banking Financial Companies (NBFCs),"Reserve Bank of India (Non-Banking Financial Companies - Concentration Risk Management) Second Amendment Directions, 2026",
RBI/2025-26/226,2026-03-10,DOR,Non-Banking Financial Companies,All Non-Banking Financial Companies (NBFCs),"Reserve Bank of India (Non-Banking Financial Companies – Prudential Norms on Capital Adequacy) Second Amendment Directions, 2026",
RBI/2025-26/228,2026-03-10,DOR,Housing Finance Companies,All Housing Finance Companies (HFCs),"Reserve Bank of India (Housing Finance Companies) Amendment Directions, 2026",
RBI/2025-26/225,2026-03-02,DOR,Small Finance Banks; Payments Banks; Local Area Banks; Regional Rural Banks; Urban Co-operative Banks; Rural Co-operative Banks; Commercial Banks; Non-Banking Financial Companies; Asset Reconstruction Companies; All India Financial Institutions,"The Chairpersons/ CEOs of the Commercial Banks, Small Finance Banks, Payment Banks, Urban Co-operative Banks, Rural Co-operative Banks, Regional Rural Banks, Local Area Banks, Non-Banking Financial Companies, Asset Reconstruction Companies, All India Financial Institutions","Implementation of Section 51A of UAPA,1967: Updates to UNSC’s 1267/ 1989 ISIL (Da'esh) & Al-Qaida Sanctions List: Delisting of 01 entry",
RBI/DoR/2025-26/224,2026-02-26,DOR,Non-Banking Financial Companies,,"Reserve Bank of India (Non-Banking Financial Companies – Miscellaneous) Amendment Directions, 2026",
RBI/2025-26/223,2026-02-18,AP-DIR,Authorised Persons,All Authorised Persons,"Reporting under Foreign Exchange Management Act, 1999 – Returns pertaining to External Commercial Borrowing (ECB)",
RBI/2025-26/222,2026-02-18,FMRD,,All eligible market participants,Unique Transaction Identifier for OTC Derivative Transactions,
RBI/2025-26/221,2026-02-16,AP-DIR,Authorised Dealers (Category-I),"All Authorised Dealer Category I Banks,","Foreign Exchange Management (Borrowing and Lending) (First Amendment) Regulations, 2026",
RBI/2025-26/220,2026-02-16,FIDD,,The Chairman / Managing Director & Chief Executive Officer Lead Banks Concerned,Formation of new district in the State of Haryana – Assignment of Lead Bank Responsibility,
RBI/2025-26/219,2026-02-13,DOR,Small Finance Banks,,"Reserve Bank of India (Small Finance Banks – Financial Statements:Presentation and Disclosures) – Second Amendment Directions, 2026",
RBI/2025-26/218,2026-02-13,DOR,Small Finance Banks,,"Reserve Bank of India (Small Finance Banks - Prudential Norms on Capital Adequacy) Second Amendment Directions, 2026",
RBI/2025-26/215,2026-02-13,DOR,Commercial Banks,,"Reserve Bank of India (Commercial Banks – Undertaking of Financial Services) – Amendment Directions, 2026",
RBI/2025-26/217,2026-02-13,DOR,Small Finance Banks,,"Reserve Bank of India (Small Finance Banks - Concentration Risk Management) Amendment Directions, 2026",
RBI/2025-26/216,2026-02-13,DOR,Small Finance Banks,,"Reserve Bank of India (Small Finance Banks – Credit Facilities) Amendment Directions, 2026",
RBI/2025-26/214,2026-02-13,DOR,Commercial Banks,,"Reserve Bank of India (Commercial Banks – Financial Statements:Presentation and Disclosures) – Third Amendment Directions, 2026",
RBI/2025-26/212,2026-02-13,DOR,Commercial Banks,,"Reserve Bank of India (Commercial Banks - Concentration Risk Management) Amendment Directions, 2026",
RBI/2025-26/211,2026-02-13,DOR,Commercial Banks,,"Reserve Bank of India (Commercial Banks – Credit Facilities) Amendment Directions, 2026",
RBI/2025-26/213,2026-02-13,DOR,Commercial Banks,,"Reserve Bank of India (Commercial Banks - Prudential Norms on Capital Adequacy) Second Amendment Directions, 2026",
RBI/2025-26/210,2026-02-13,DOR,Non-Banking Financial Companies,,"Reserve Bank of India (Non-Banking Financial Companies – Income Recognition, Asset Classification and Provisioning) Amendment Directions, 2026",
RBI/2025-26/208,2026-02-13,DOR,Rural Co-operative Banks,,"Reserve Bank of India (Rural Co-operative Banks – Income Recognition, Asset Classification and Provisioning) Amendment Directions, 2026",
RBI/2025-26/209,2026-02-13,DOR,Non-Banking Financial Companies,,"Reserve Bank of India (Non-Banking Financial Companies – Credit Facilities) Amendment Directions, 2026",
RBI/2025-26/207,2026-02-11,CEPD,Regional Rural Banks; Commercial Banks,All Scheduled Commercial Banks (excluding Regional Rural Banks),Strengthening of Grievance Redress Mechanism in Banks – Review,
RBI/2025-26/206,2026-02-09,FIDD,,,"Lending to Micro, Small & Medium Enterprises (MSME) Sector (Amendment) Directions, 2026",
RBI/2025-26/205,2026-02-06,AP-DIR,Authorised Dealers (Category-I),All Authorised Dealer Category-I banks,Voluntary Retention Route – Imparting predictability and increasing ease of doing business,
RBI/2025-26/204,2026-02-03,DOR,Agency Banks,"All Agency Banks All Agency Banks to remain open for public on March 31, 2026 (Tuesday)","The Government of India has made a request to keep all branches of the banks dealing with Government receipts and payments open for transactions on March 31, 2026 (Tuesday-Public Holiday) so as to account for all the Government transactions relating to receipts and payments in the Financial Year 2025-26 itself. Accordingly, Agency Banks are advised to keep all their branches dealing with governmen",
RBI/2025-26/203,2026-01-22,DOR,Rural Co-operative Banks,,"Reserve Bank of India (Rural Co-operative Banks – Cash Reserve Ratio and Statutory Liquidity Ratio) Amendment Directions, 2026",
RBI/2025-26/202,2026-01-22,DOR,Urban Co-operative Banks,,"Reserve Bank of India (Urban Co-operative Banks – Cash Reserve Ratio and Statutory Liquidity Ratio) Amendment Directions, 2026",
RBI/2025-26/201,2026-01-22,DOR,Local Area Banks,,"Reserve Bank of India (Local Area Banks – Cash Reserve Ratio and Statutory Liquidity Ratio) Amendment Directions, 2026",
RBI/2025-26/200,2026-01-22,DOR,Regional Rural Banks,,"Reserve Bank of India (Regional Rural Banks – Cash Reserve Ratio and Statutory Liquidity Ratio) Amendment Directions, 2026",
RBI/2025-26/199,2026-01-22,DOR,Payments Banks,,"Reserve Bank of India (Payments Banks – Cash Reserve Ratio and Statutory Liquidity Ratio) Amendment Directions, 2026",
RBI/2025-26/198,2026-01-22,DOR,Small Finance Banks,,"Reserve Bank of India (Small Finance Banks – Cash Reserve Ratio and Statutory Liquidity Ratio) Amendment Directions, 2026",
RBI/2025-26/197,2026-01-22,DOR,Commercial Banks,,"Reserve Bank of India (Commercial Banks – Cash Reserve Ratio and Statutory Liquidity Ratio) Amendment Directions, 2026",
RBI/FIDD/2025-26/196,2026-01-19,FIDD,,,"Reserve Bank of India (Priority Sector Lending – Targets and Classification) (Amendment) Directions, 2026",
RBI/2025-26/195,2026-01-19,DOR,Regional Rural Banks; Urban Co-operative Banks; Rural Co-operative Banks; Commercial Banks,All Scheduled Commercial Banks (excluding Regional Rural Banks); Primary (Urban) Co-operative Banks; State Co-operative Banks; All-India Financial Institutions,Interest Subvention for Pre- and Post- Shipment Export Credit under Export Promotion Mission (EPM) – Niryat Prothsahan,
RBI/2025-26/194,2026-01-16,AP-DIR,,"All Authorised Dealers,",Export and Import of Goods and Services,
RBI/CEPD/2025-26/386,2026-01-14,CEPD,Credit Information Companies,,"Reserve Bank of India ( Credit Information Companies - Internal Ombudsman) Directions, 2026",
RBI/CEPD/2025-26/385,2026-01-14,CEPD,,,"Reserve Bank of India (Non-Bank Prepaid Payment Instruments Issuers - Internal Ombudsman) Directions, 2026",
RBI/CEPD/2025-26/384,2026-01-14,CEPD,Non-Banking Financial Companies,,"Reserve Bank of India (Non-Banking Financial Companies - Internal Ombudsman) Directions, 2026",
RBI/CEPD/2025-26/383,2026-01-14,CEPD,Payments Banks,,"Reserve Bank of India (Payments Banks - Internal Ombudsman) Directions, 2026",
RBI/CEPD/2025-26/382,2026-01-14,CEPD,Small Finance Banks,,"Reserve Bank of India (Small Finance Banks - Internal Ombudsman) Directions, 2026",
RBI/CEPD/2025-26/381,2026-01-14,CEPD,Commercial Banks,,"Reserve Bank of India (Commercial Banks - Internal Ombudsman) Directions, 2026",
RBI/2025-26/193,2026-01-13,FIDD,Small Finance Banks,"The Chairman/Managing Director/Chief Executive Officer All Public Sector Banks, Private Sector Banks and Small Finance Banks",Modified Interest Subvention Scheme for Short Term Loans for Agriculture and Allied Activities availed through Kisan Credit Card (KCC) during the financial year 2025-26,
RBI/2025-26/192,2026-01-12,AP-DIR,Authorised Dealers (Category-I),"All Authorised Dealer Category I Banks,","Foreign Exchange Management (Guarantees) Regulations, 2026",
RBI/2025-26/191,2026-01-09,DOR,All India Financial Institutions,,"Reserve Bank of India (All India Financial Institutions (AIFIs) - Prudential Norms on Capital Adequacy) Amendment Directions, 2026",
RBI/2025-26/190,2026-01-09,DOR,Small Finance Banks,,"Reserve Bank of India (Small Finance Banks - Prudential Norms on Capital Adequacy) Amendment Directions, 2026",
RBI/2025-26/189,2026-01-09,DOR,Commercial Banks,,"Reserve Bank of India (Commercial Banks - Prudential Norms on Capital Adequacy) Amendment Directions, 2026",
RBI/2025-26/187,2026-01-05,DOR,Non-Banking Financial Companies,,"Reserve Bank of India (Non-Banking Financial Companies – Financial Statements: Presentation and Disclosures) Directions, Amendment Directions, 2026",
RBI/2025-26/188,2026-01-05,DOR,All India Financial Institutions,,"Reserve Bank of India (All India Financial Institutions – Financial Statements: Presentation and Disclosures) – Amendment Directions, 2026",
RBI/2025-26/185,2026-01-05,DOR,Urban Co-operative Banks,,"Reserve Bank of India (Urban Co-operative Banks – Financial Statements: Presentation and Disclosures) – Amendment Directions, 2026",
RBI/2025-26/186,2026-01-05,DOR,Rural Co-operative Banks,,"Reserve Bank of India (Rural Co-operative Banks – Financial Statements: Presentation and Disclosures) – Amendment Directions, 2026",
RBI/2025-26/184,2026-01-05,DOR,Regional Rural Banks,,"Reserve Bank of India (Regional Rural Banks – Financial Statements: Presentation and Disclosures) – Amendment Directions, 2026",
RBI/2025-26/183,2026-01-05,DOR,Local Area Banks,,"Reserve Bank of India (Local Area Banks – Financial Statements: Presentation and Disclosures) – Amendment Directions, 2026",
RBI/2025-26/182,2026-01-05,DOR,Small Finance Banks,,"Reserve Bank of India (Small Finance Banks – Financial Statements: Presentation and Disclosures) – Amendment Directions, 2026",
RBI/2025-26/181,2026-01-05,DOR,Commercial Banks,,"Reserve Bank of India (Commercial Banks – Financial Statements: Presentation and Disclosures) – Second Amendment Directions, 2026",
RBI/2025-26/180,2026-01-05,DOR,All India Financial Institutions,,"Reserve Bank of India (All India Financial Institutions – Credit Risk Management) – Amendment Directions, 2026",
RBI/2025-26/179,2026-01-05,DOR,Non-Banking Financial Companies,,"Reserve Bank of India (Non-Banking Financial Companies – Credit Risk Management) – Amendment Directions, 2026",
RBI/2025-26/178,2026-01-05,DOR,Rural Co-operative Banks,,"Reserve Bank of India (Rural Co-operative Banks – Credit Risk Management) – Amendment Directions, 2026",
RBI/2025-26/175,2026-01-05,DOR,Local Area Banks,,"Reserve Bank of India (Local Area Banks – Credit Risk Management) – Amendment Directions, 2026",
RBI/2025-26/176,2026-01-05,DOR,Regional Rural Banks,,"Reserve Bank of India (Regional Rural Banks – Credit Risk Management) – Amendment Directions, 2026",
RBI/2025-26/177,2026-01-05,DOR,Urban Co-operative Banks,,"Reserve Bank of India (Urban Co-operative Banks – Credit Risk Management) – Amendment Directions, 2026",
RBI/2025-26/173,2026-01-05,DOR,Commercial Banks,,"Reserve Bank of India (Commercial Banks – Credit Risk Management) – Amendment Directions, 2026",
RBI/2025-26/174,2026-01-05,DOR,Small Finance Banks,,"Reserve Bank of India (Small Finance Banks – Credit Risk Management) – Amendment Directions, 2026",
RBI/2025-26/172,2026-01-01,DPSS,,All Prepaid Payment Instrument (PPI) Issuers,Returns – Department of Payment and Settlement Systems – Submission in CIMS,
RBI/2025-26/171,2026-01-01,DPSS,,All White Label ATM Operators,Returns – Department of Payment and Settlement Systems – Submission in CIMS,
RBI/2025-26/169,2026-01-01,DOR,Non-Banking Financial Companies,,"Reserve Bank of India (Non-Banking Financial Companies - Concentration Risk Management) Amendment Directions, 2026",
RBI/2025-26/170,2026-01-01,DPSS,,All MTSS Overseas Principals,Returns – Department of Payment and Settlement Systems – Submission in CIMS,
RBI/2025-26/168,2026-01-01,DOR,Non-Banking Financial Companies,,"Reserve Bank of India (Non-Banking Financial Companies – Prudential Norms on Capital Adequacy) Amendment Directions, 2026",
RBI/2025-26/167,2026-01-01,DOR,Commercial Banks,,"Reserve Bank of India (Commercial Banks - Financial Statements: Presentation and Disclosures) Amendment Directions, 2026",
RBI/2025-26/166,2025-12-29,DOR,Commercial Banks,,"Reserve Bank of India (Commercial Banks – Know Your Customer) Amendment Directions, 2025",
RBI/2025-26/163,2025-12-29,DOR,Rural Co-operative Banks,,"Reserve Bank of India (Rural Co-operative Banks – Know Your Customer) Amendment Directions, 2025",
RBI/2025-26/165,2025-12-29,DOR,Urban Co-operative Banks,,"Reserve Bank of India (Urban Co-operative Banks – Know Your Customer) Amendment Directions, 2025",
RBI/2025-26/164,2025-12-29,DOR,Small Finance Banks,,"Reserve Bank of India (Small Finance Banks – Know Your Customer) Amendment Directions, 2025",
RBI/2025-26/161,2025-12-29,DOR,Payments Banks,,"Reserve Bank of India (Payments Banks – Know Your Customer) Amendment Directions, 2025",
RBI/2025-26/162,2025-12-29,DOR,Regional Rural Banks,,"Reserve Bank of India (Regional Rural Banks – Know Your Customer) Amendment Directions, 2025",
RBI/2025-26/160,2025-12-29,DOR,Non-Banking Financial Companies,,"Reserve Bank of India (Non-Banking Financial Companies – Know Your Customer) Amendment Directions, 2025",
RBI/2025-26/158,2025-12-29,DOR,Asset Reconstruction Companies,,"Reserve Bank of India (Asset Reconstruction Companies – Know Your Customer) Amendment Directions, 2025",
RBI/2025-26/159,2025-12-29,DOR,Local Area Banks,,"Reserve Bank of India (Local Area Banks – Know Your Customer) Amendment Directions, 2025",
RBI/2025-26/157,2025-12-29,DOR,All India Financial Institutions,,"Reserve Bank of India (All India Financial Institutions – Know Your Customer) Amendment Directions, 2025",
RBI/2025-26/156,2025-12-24,DPSS,,The Chairman / Managing Director / Chief Executive Officer of Banks participating in Cheque Truncation System / National Payments Corporation of India,Continuous Clearing and Settlement on Realisation in Cheque Truncation System: Phase 2,
RBI/2025-26/155,2025-12-18,FIDD,,The Chairman / Managing Director & Chief Executive Officer Lead Banks Concerned,Formation of new district in the State of Gujarat – Assignment of Lead Bank Responsibility,
RBI/2025-26/153,2025-12-11,DOR,Urban Co-operative Banks,,"Reserve Bank of India (Urban Co-operative Banks – Cash Reserve Ratio and Statutory Liquidity Ratio) Amendment Directions, 2025",
RBI/2025-26/154,2025-12-11,DOR,Rural Co-operative Banks,,"Reserve Bank of India (Rural Co-operative Banks – Cash Reserve Ratio and Statutory Liquidity Ratio) Amendment Directions, 2025",
RBI/2025-26/152,2025-12-11,DOR,Local Area Banks,,"Reserve Bank of India (Local Area Banks – Cash Reserve Ratio and Statutory Liquidity Ratio) Amendment Directions, 2025",
RBI/2025-26/151,2025-12-11,DOR,Regional Rural Banks,,"Reserve Bank of India (Regional Rural Banks – Cash Reserve Ratio and Statutory Liquidity Ratio) Amendment Directions, 2025",
RBI/2025-26/150,2025-12-11,DOR,Payments Banks,,"Reserve Bank of India (Payments Banks – Cash Reserve Ratio and Statutory Liquidity Ratio) Amendment Directions, 2025",
RBI/2025-26/149,2025-12-11,DOR,Small Finance Banks,,"Reserve Bank of India (Small Finance Banks – Cash Reserve Ratio and Statutory Liquidity Ratio) Amendment Directions, 2025",
RBI/2025-26/148,2025-12-11,DOR,Commercial Banks,,"Reserve Bank of India (Commercial Banks – Cash Reserve Ratio and Statutory Liquidity Ratio) Amendment Directions, 2025",
RBI/2025-26/144,2025-12-11,DOR,Local Area Banks,,"Reserve Bank of India (Local Area Banks – Credit Risk Management) – Amendment Directions, 2025",
RBI/2025-26/143,2025-12-11,DOR,Payments Banks,,"Reserve Bank of India (Payments Banks – Miscellaneous) – Amendment Directions, 2025",
RBI/2025-26/147,2025-12-11,DOR,Rural Co-operative Banks,,"Reserve Bank of India (Rural Co-operative Banks – Credit Risk Management) – Amendment Directions, 2025",
RBI/2025-26/146,2025-12-11,DOR,Urban Co-operative Banks,,"Reserve Bank of India (Urban Co-operative Banks – Credit Risk Management) – Amendment Directions, 2025",
RBI/2025-26/145,2025-12-11,DOR,Regional Rural Banks,,"Reserve Bank of India (Regional Rural Banks – Credit Risk Management) – Amendment Directions, 2025",
RBI/2025-26/142,2025-12-11,DOR,Small Finance Banks,,"Reserve Bank of India (Small Finance Banks – Credit Risk Management) – Amendment Directions, 2025",
RBI/2025-26/141,2025-12-11,DOR,Commercial Banks,,"Reserve Bank of India (Commercial Banks – Credit Risk Management) – Amendment Directions, 2025",
RBI/2025-26/140,2025-12-08,AP-DIR,Authorised Persons,All Authorised Persons,Export and Import of Indian Currency to or from Nepal and Bhutan,
RBI/FMRD/2025-26/380,2025-12-08,FMRD,,To All participants in Rupee interest rate derivatives markets,"Master Direction – Reserve Bank of India (Rupee Interest Rate Derivatives) Directions, 2025",
RBI/DOR/2025-26/139,2025-12-05,DOR,,,"Reserve Bank of India (Non-Operative Financial Holding Company) (Amendment) Directions, 2025",
RBI/DOR/2025-26/138,2025-12-05,DOR,Non-Banking Financial Companies,,"Reserve Bank of India (Non-Banking Financial Companies – Undertaking of Financial Services) (Amendment) Directions, 2025",
RBI/DOR/2025-26/137,2025-12-05,DOR,Payments Banks,,"Reserve Bank of India (Payments Banks – Undertaking of Financial Services) (Amendment) Directions, 2025",
RBI/DOR/2025-26/135,2025-12-05,DOR,Commercial Banks,,"Reserve Bank of India (Commercial Banks – Undertaking of Financial Services) (Amendment) Directions, 2025",
RBI/DOR/2025-26/136,2025-12-05,DOR,Small Finance Banks,,"Reserve Bank of India (Small Finance Banks – Undertaking of Financial Services) (Amendment) Directions, 2025",
RBI/2025-26/134,2025-12-05,DOR,All Banks,"All banks,",Penal Interest on shortfall in CRR and SLR requirements - Change in Bank Rate,
RBI/2025-26/133,2025-12-05,MPD,Primary Dealers,"All Primary Dealers,",Standing Liquidity Facility for Primary Dealers,
RBI/2025-26/132,2025-12-05,FMOD,,All Liquidity Adjustment Facility (LAF) participants,Liquidity Adjustment Facility - Change in rates,
RBI/DOR/2025-26/296,2025-12-04,DOR,Rural Co-operative Banks,,"Reserve Bank of India (Rural Co-operative Banks - Branch Authorisation) Directions, 2025",
RBI/DOR/2025-26/269,2025-12-04,DOR,Urban Co-operative Banks,,"Reserve Bank of India (Urban Co-operative Banks – Licensing, Scheduling and Regulatory Classification) Guidelines, 2025",
RBI/DOR/2025-26/271,2025-12-04,DOR,Urban Co-operative Banks,,"Reserve Bank of India (Urban Co-operative Banks - Branch Authorisation) Directions, 2025",
RBI/DOR/2025-26/319,2025-12-04,DOR,Rural Co-operative Banks,,"Reserve Bank of India (Rural Co-operative Banks – Miscellaneous) Directions, 2025",
RBI/2025-26/131,2025-12-04,DOR,Small Finance Banks,,"Reserve Bank of India (Small Finance Banks – Prudential Norms on Capital Adequacy) Amendment Directions, 2025",
RBI/2025-26/130,2025-12-04,DOR,Commercial Banks,,"Reserve Bank of India (Commercial Banks - Prudential Norms on Capital Adequacy) Amendment Directions, 2025",
RBI/2025-26/129,2025-12-04,DOR,Small Finance Banks,,"Reserve Bank of India (Small Finance Banks – Income Recognition, Asset Classification and Provisioning) Amendment Directions, 2025",
RBI/2025-26/128,2025-12-04,DOR,Commercial Banks,,"Reserve Bank of India (Commercial Banks – Income Recognition, Asset Classification and Provisioning) Amendment Directions, 2025",
RBI/2025-26/126,2025-12-04,DOR,Commercial Banks,,"Reserve Bank of India (Commercial Banks - Concentration Risk Management) Amendment Directions, 2025",
RBI/2025-26/127,2025-12-04,DOR,Small Finance Banks,,"Reserve Bank of India (Small Finance Banks - Concentration Risk Management) Amendment Directions, 2025",
RBI/2025-26/125,2025-12-04,DOR,Small Finance Banks,,"Reserve Bank of India (Small Finance Banks - Credit Facilities) Amendment Directions, 2025",
RBI/2025-26/124,2025-12-04,DOR,Commercial Banks,,"Reserve Bank of India (Commercial Banks - Credit Facilities) Amendment Directions, 2025",
RBI/DOR/2025-26/122,2025-12-04,DOR,Rural Co-operative Banks,,"Reserve Bank of India (Rural Co-operative Banks - Branch Authorisation) Repeal Directions, 2025",
RBI/DOR/2025-26/120,2025-12-04,DOR,Urban Co-operative Banks,,"Reserve Bank of India (Urban Co-operative Banks – Licensing, Scheduling and Regulatory Classification) Repeal Guidelines, 2025",
RBI/DOR/2025-26/123,2025-12-04,DOR,Rural Co-operative Banks,,"Reserve Bank of India (Rural Co-operative Banks – Miscellaneous) (Amendment) Directions, 2025",
RBI/DOR/2025-26/121,2025-12-04,DOR,Urban Co-operative Banks,,"Reserve Bank of India (Urban Co-operative Banks - Branch Authorisation) Repeal Directions, 2025",
RBI/DOR/2025-26/119,2025-12-04,DOR,Credit Information Companies,,"Reserve Bank of India (Credit Information Companies) Amendment Directions, 2025",
RBI/DOR/2025-26/118,2025-12-04,DOR,Asset Reconstruction Companies,,"Reserve Bank of India (Asset Reconstruction Companies – Credit Information Reporting) Amendment Directions, 2025",
RBI/DOR/2025-26/117,2025-12-04,DOR,Non-Banking Financial Companies,,"Reserve Bank of India (Non-Banking Financial Companies – Credit Information Reporting) Amendment Directions, 2025",
RBI/DOR/2025-26/115,2025-12-04,DOR,Rural Co-operative Banks,,"Reserve Bank of India (Rural Co-operative Banks – Credit Information Reporting) Amendment Directions, 2025",
RBI/DOR/2025-26/116,2025-12-04,DOR,All India Financial Institutions,,"Reserve Bank of India (All India Financial Institutions – Credit Information Reporting) Amendment Directions, 2025",
RBI/DOR/2025-26/114,2025-12-04,DOR,Urban Co-operative Banks,,"Reserve Bank of India (Urban Co-operative Banks – Credit Information Reporting) Amendment Directions, 2025",
RBI/DOR/2025-26/113,2025-12-04,DOR,Regional Rural Banks,,"Reserve Bank of India (Regional Rural Banks – Credit Information Reporting) Amendment Directions, 2025",
RBI/DOR/2025-26/112,2025-12-04,DOR,Local Area Banks,,"Reserve Bank of India (Local Area Banks – Credit Information Reporting) Amendment Directions, 2025",
RBI/DOR/2025-26/111,2025-12-04,DOR,Small Finance Banks,,"Reserve Bank of India (Small Finance Banks – Credit Information Reporting) Amendment Directions, 2025",
RBI/DOR/2025-26/110,2025-12-04,DOR,Commercial Banks,,"Reserve Bank of India (Commercial Banks – Credit Information Reporting) Amendment Directions, 2025",
RBI/2025-26/109,2025-12-04,DOR,Rural Co-operative Banks,,"Reserve Bank of India (Rural Co-operative Banks - Responsible Business Conduct) Amendment Directions, 2025",
RBI/2025-26/108,2025-12-04,DOR,Urban Co-operative Banks,,"Reserve Bank of India (Urban Co-operative Banks - Responsible Business Conduct) Amendment Directions, 2025",
RBI/2025-26/107,2025-12-04,DOR,Regional Rural Banks,,"Reserve Bank of India (Regional Rural Banks - Responsible Business Conduct) Amendment Directions, 2025",
RBI/2025-26/106,2025-12-04,DOR,Local Area Banks,,"Reserve Bank of India (Local Area Banks - Responsible Business Conduct) Amendment Directions, 2025",
RBI/2025-26/105,2025-12-04,DOR,Payments Banks,,"Reserve Bank of India (Payments Banks - Responsible Business Conduct) Amendment Directions, 2025",
RBI/2025-26/104,2025-12-04,DOR,Small Finance Banks,,"Reserve Bank of India (Small Finance Banks - Responsible Business Conduct) Amendment Directions, 2025",
RBI/2025-26/103,2025-12-04,DOR,Commercial Banks,,"Reserve Bank of India (Commercial Banks - Responsible Business Conduct) Amendment Directions, 2025",
RBI/2025-26/102,2025-12-03,AP-DIR,Authorised Persons,All Authorised Persons,Liberalised Remittance Scheme (LRS)- Submission of ‘LRS Daily Return’ by Authorised Dealers- Category -II banks/ entities and Full- Fledged Money Changers,
RBI/2025-26/101,2025-11-28,DPSS,Payment System Operators,All Payment System Providers and Payment System Participants,Compliance with Know Your Customer (KYC) norms,
RBI/2025-26/100,2025-11-28,DOR,,,Consolidation of Regulations – Withdrawal of circulars,
RBI/2025-26/99,2025-11-28,AP-DIR,Authorised Persons,All Authorised Persons,Compliance with Know Your Customer (KYC) norms,
RBI/DOR/2025-26/144,2025-11-28,DOR,Foreign Banks,,"Reserve Bank of India (Setting Up of Wholly Owned Subsidiaries by Foreign Banks) Guidelines, 2025 (Updated as on April 1, 2026)",
RBI/DOR/2025-26/143,2025-11-28,DOR,,,"Reserve Bank of India (Universal Banks- Licensing) Guidelines, 2025",
RBI/DOR/2025-26/145,2025-11-28,DOR,Commercial Banks,,"Reserve Bank of India (Commercial Banks – Acquisition and Holding of Shares or Voting Rights) Directions, 2025",
RBI/DoR/2025-26/146,2025-11-28,DOR,Commercial Banks,,"Reserve Bank of India (Commercial Banks - Voluntary Amalgamation) Directions, 2025",
RBI/DOR/2025-26/147,2025-11-28,DOR,Commercial Banks,,"Reserve Bank of India (Commercial Banks - Branch Authorisation) Directions, 2025",
RBI/DOR/2025-26/380,2025-11-28,DOR,Commercial Banks,,"Reserve Bank of India (Commercial Banks – Digital Banking Channels Authorisation) Directions, 2025",
RBI/DOR/2025-26/148,2025-11-28,DOR,Commercial Banks,,"Reserve Bank of India (Commercial Banks – Undertaking of Financial Services) Directions, 2025 (Updated as on July 01, 2026)",
RBI/DOR/2025-26/149,2025-11-28,DOR,Commercial Banks,,"Reserve Bank of India (Commercial Banks - Governance) Directions, 2025",
RBI/DOR/2025-26/150,2025-11-28,DOR,Commercial Banks,,"Reserve Bank of India (Commercial Banks – Cash Reserve Ratio and Statutory Liquidity Ratio) Directions, 2025 (Updated as on June 19, 2026)",
RBI/DoR/2025-26/152,2025-11-28,DOR,Commercial Banks,,"Reserve Bank of India (Commercial Banks - Resource Raising Norms) Directions, 2025",
RBI/DOR/2025-26/151,2025-11-28,DOR,Commercial Banks,,"Reserve Bank of India (Commercial Banks - Prudential Norms on Capital Adequacy) Directions, 2025 (Updated as on July 01, 2026)",
RBI/FMRD/2024-25/127,2025-02-07,FMRD,,,"Master Direction - Reserve Bank of India (Access Criteria for NDS-OM) Directions, 2025",
RBI/FD/2023-24/1,2024-02-28,FD,,,Enabling Framework for Regulatory Sandbox,
